,time,open,high,low,close,%Change
0,"14-Mar-2023, 05:00:00",1913.97,1914.32,1909.84,1910.3,-0.1917
1,"14-Mar-2023, 06:00:00",1910.3,1912.71,1909.84,1912.36,0.1078
2,"14-Mar-2023, 07:00:00",1912.13,1914.43,1910.07,1912.71,0.0303
3,"14-Mar-2023, 08:00:00",1912.71,1913.17,1905.36,1906.28,-0.3362
4,"14-Mar-2023, 09:00:00",1906.4,1908.23,1903.99,1904.56,-0.0965
5,"14-Mar-2023, 10:00:00",1904.67,1907.31,1902.49,1903.07,-0.084
6,"14-Mar-2023, 11:00:00",1903.07,1904.56,1901.46,1904.45,0.0725
7,"14-Mar-2023, 12:00:00",1904.45,1904.79,1901.46,1904.22,-0.0121
8,"14-Mar-2023, 13:00:00",1904.22,1913.86,1903.76,1909.84,0.2951
9,"14-Mar-2023, 14:00:00",1909.72,1913.4,1908.69,1912.82,0.1623
10,"14-Mar-2023, 15:00:00",1912.94,1913.63,1900.89,1904.45,-0.4438
11,"14-Mar-2023, 16:00:00",1904.67,1905.25,1900.89,1901.35,-0.1743
12,"14-Mar-2023, 17:00:00",1901.35,1904.9,1900.89,1904.1,0.1446
13,"14-Mar-2023, 18:00:00",1903.87,1905.13,1902.49,1904.45,0.0305
14,"14-Mar-2023, 19:00:00",1904.33,1912.25,1898.94,1910.3,0.3135
15,"14-Mar-2023, 20:00:00",1910.3,1911.1,1895.61,1902.49,-0.4088
16,"14-Mar-2023, 21:00:00",1902.49,1908.23,1900.2,1907.89,0.2838
17,"14-Mar-2023, 22:00:00",1907.89,1909.04,1903.87,1904.33,-0.1866
18,"14-Mar-2023, 23:00:00",1904.45,1909.49,1902.04,1908.92,0.2347
19,"15-Mar-2023, 00:00:00",1908.92,1910.64,1905.48,1906.97,-0.1022
20,"15-Mar-2023, 01:00:00",1906.97,1910.07,1906.17,1907.08,0.0058
21,"15-Mar-2023, 02:00:00",1907.08,1908.12,1902.15,1902.61,-0.2344
22,"15-Mar-2023, 03:00:00",1902.61,1904.56,1902.61,1904.22,0.0846
23,"15-Mar-2023, 04:00:00",1902.38,1903.87,1902.15,1902.15,-0.0121
24,"15-Mar-2023, 05:00:00",1903.87,1905.36,1902.95,1904.45,0.0305
25,"15-Mar-2023, 06:00:00",1904.56,1905.02,1902.95,1903.3,-0.0662
26,"15-Mar-2023, 07:00:00",1903.3,1903.64,1900.08,1901.92,-0.0725
27,"15-Mar-2023, 08:00:00",1901.92,1905.48,1901.69,1903.99,0.1088
28,"15-Mar-2023, 09:00:00",1903.87,1905.94,1903.53,1904.9,0.0541
29,"15-Mar-2023, 10:00:00",1904.9,1905.36,1902.38,1903.07,-0.0961
30,"15-Mar-2023, 11:00:00",1903.18,1903.76,1900.89,1902.04,-0.0599
31,"15-Mar-2023, 12:00:00",1902.15,1902.38,1898.94,1900.31,-0.0967
32,"15-Mar-2023, 13:00:00",1900.31,1902.72,1898.71,1900.66,0.0184
33,"15-Mar-2023, 14:00:00",1900.66,1902.61,1896.41,1896.76,-0.2052
34,"15-Mar-2023, 15:00:00",1896.64,1897.1,1885.85,1887.69,-0.4719
35,"15-Mar-2023, 16:00:00",1887.8,1899.05,1886.66,1896.64,0.4683
36,"15-Mar-2023, 17:00:00",1896.53,1910.07,1896.3,1908.92,0.6533
37,"15-Mar-2023, 18:00:00",1908.81,1919.14,1905.48,1918.33,0.4987
38,"15-Mar-2023, 19:00:00",1918.22,1930.38,1917.07,1927.97,0.5083
39,"15-Mar-2023, 20:00:00",1927.97,1930.61,1917.3,1926.25,-0.0892
40,"15-Mar-2023, 21:00:00",1926.37,1927.17,1917.64,1924.41,-0.1017
41,"15-Mar-2023, 22:00:00",1924.41,1927.51,1921.43,1927.28,0.1491
42,"15-Mar-2023, 23:00:00",1927.17,1937.5,1924.87,1933.71,0.3394
43,"16-Mar-2023, 00:00:00",1933.71,1937.27,1921.55,1924.41,-0.4809
44,"16-Mar-2023, 01:00:00",1924.53,1926.94,1909.27,1915.69,-0.4593
45,"16-Mar-2023, 02:00:00",1915.69,1922.12,1914.66,1916.95,0.0658
46,"16-Mar-2023, 03:00:00",1916.84,1918.91,1916.04,1917.99,0.06
47,"16-Mar-2023, 04:00:00",1917.99,1918.33,1917.87,1918.1,0.0057
48,"16-Mar-2023, 05:00:00",1917.99,1921.55,1917.99,1920.51,0.1314
49,"16-Mar-2023, 06:00:00",1920.17,1923.15,1919.82,1921.32,0.0599
50,"16-Mar-2023, 07:00:00",1921.32,1924.64,1913.05,1913.74,-0.3945
51,"16-Mar-2023, 08:00:00",1913.74,1915.58,1907.43,1911.22,-0.1317
52,"16-Mar-2023, 09:00:00",1911.45,1912.13,1909.27,1911.68,0.012
53,"16-Mar-2023, 10:00:00",1911.56,1915.23,1910.53,1913.63,0.1083
54,"16-Mar-2023, 11:00:00",1913.28,1915.12,1912.71,1913.63,0.0183
55,"16-Mar-2023, 12:00:00",1913.28,1920.4,1912.36,1919.94,0.3481
56,"16-Mar-2023, 13:00:00",1920.17,1920.63,1914.32,1916.84,-0.1734
57,"16-Mar-2023, 14:00:00",1916.73,1920.97,1912.25,1916.95,0.0115
58,"16-Mar-2023, 15:00:00",1916.84,1922.81,1915.81,1919.25,0.1257
59,"16-Mar-2023, 16:00:00",1919.14,1922.35,1917.53,1922.0,0.149
60,"16-Mar-2023, 17:00:00",1921.89,1923.27,1918.68,1922.81,0.0479
61,"16-Mar-2023, 18:00:00",1922.81,1927.28,1922.35,1927.05,0.2205
62,"16-Mar-2023, 19:00:00",1927.05,1932.1,1924.41,1930.61,0.1847
63,"16-Mar-2023, 20:00:00",1930.61,1933.6,1923.27,1923.84,-0.3507
64,"16-Mar-2023, 21:00:00",1923.96,1932.56,1919.82,1922.58,-0.0717
65,"16-Mar-2023, 22:00:00",1922.81,1924.64,1913.51,1918.79,-0.2091
66,"16-Mar-2023, 23:00:00",1918.91,1920.63,1914.54,1915.0,-0.2038
67,"17-Mar-2023, 00:00:00",1915.0,1920.05,1914.54,1916.38,0.0721
68,"17-Mar-2023, 01:00:00",1916.5,1921.32,1916.27,1918.56,0.1075
69,"17-Mar-2023, 02:00:00",1918.56,1921.43,1918.22,1920.74,0.1136
70,"17-Mar-2023, 03:00:00",1920.74,1920.97,1918.56,1919.02,-0.0895
71,"17-Mar-2023, 04:00:00",1919.94,1919.94,1919.14,1919.14,-0.0417
72,"17-Mar-2023, 05:00:00",1921.77,1921.77,1919.02,1919.94,-0.0952
73,"17-Mar-2023, 06:00:00",1920.17,1922.35,1919.36,1921.55,0.0719
74,"17-Mar-2023, 07:00:00",1921.55,1922.69,1918.33,1919.71,-0.0958
75,"17-Mar-2023, 08:00:00",1919.71,1923.04,1918.22,1923.04,0.1735
76,"17-Mar-2023, 09:00:00",1922.69,1929.12,1922.0,1927.51,0.2507
77,"17-Mar-2023, 10:00:00",1927.51,1930.04,1926.94,1927.97,0.0239
78,"17-Mar-2023, 11:00:00",1927.74,1931.3,1927.17,1931.07,0.1727
79,"17-Mar-2023, 12:00:00",1931.19,1933.14,1928.78,1929.23,-0.1015
80,"17-Mar-2023, 13:00:00",1929.46,1934.63,1927.74,1932.56,0.1607
81,"17-Mar-2023, 14:00:00",1932.56,1933.94,1928.78,1930.38,-0.1128
82,"17-Mar-2023, 15:00:00",1930.61,1931.87,1927.28,1928.89,-0.0891
83,"17-Mar-2023, 16:00:00",1928.78,1933.14,1928.09,1932.45,0.1903
84,"17-Mar-2023, 17:00:00",1932.33,1933.71,1929.58,1930.61,-0.089
85,"17-Mar-2023, 18:00:00",1930.61,1937.27,1929.23,1935.2,0.2377
86,"17-Mar-2023, 19:00:00",1935.09,1946.11,1934.86,1945.07,0.5157
87,"17-Mar-2023, 20:00:00",1944.73,1952.3,1944.27,1950.7,0.307
88,"17-Mar-2023, 21:00:00",1950.58,1965.04,1949.55,1962.29,0.6003
89,"17-Mar-2023, 22:00:00",1962.29,1964.7,1955.52,1959.3,-0.1524
90,"17-Mar-2023, 23:00:00",1959.19,1962.52,1955.06,1961.83,0.1347
91,"18-Mar-2023, 00:00:00",1961.71,1975.49,1961.25,1972.85,0.5679
92,"18-Mar-2023, 01:00:00",1972.73,1987.77,1970.21,1983.52,0.547
93,"18-Mar-2023, 02:00:00",1983.52,1984.67,1973.42,1976.17,-0.3706
94,"18-Mar-2023, 03:00:00",1976.06,1989.14,1975.03,1988.91,0.6503
95,"18-Mar-2023, 04:00:00",1988.8,1988.8,1988.34,1988.34,-0.0231
96,"20-Mar-2023, 05:00:00",1984.44,1990.75,1974.91,1977.21,-0.3643
97,"20-Mar-2023, 06:00:00",1977.32,1979.62,1975.49,1976.86,-0.0233
98,"20-Mar-2023, 07:00:00",1976.98,1978.47,1971.47,1971.7,-0.2671
99,"20-Mar-2023, 08:00:00",1971.93,1972.73,1967.8,1969.63,-0.1166
100,"20-Mar-2023, 09:00:00",1969.52,1975.49,1968.94,1974.8,0.2681
101,"20-Mar-2023, 10:00:00",1974.91,1975.49,1972.16,1973.3,-0.0815
102,"20-Mar-2023, 11:00:00",1973.19,1975.49,1972.73,1974.8,0.0816
103,"20-Mar-2023, 12:00:00",1974.68,1988.57,1973.99,1987.99,0.674
104,"20-Mar-2023, 13:00:00",1987.99,1993.16,1981.68,1988.57,0.0292
105,"20-Mar-2023, 14:00:00",1988.45,2009.69,1988.45,2003.26,0.7448
106,"20-Mar-2023, 15:00:00",2003.26,2006.13,1994.54,1996.14,-0.3554
107,"20-Mar-2023, 16:00:00",1996.26,1999.36,1983.06,1984.78,-0.5751
108,"20-Mar-2023, 17:00:00",1984.78,1988.57,1973.3,1980.54,-0.2136
109,"20-Mar-2023, 18:00:00",1980.54,1985.93,1978.24,1983.75,0.1621
110,"20-Mar-2023, 19:00:00",1983.75,1986.5,1972.27,1974.45,-0.4688
111,"20-Mar-2023, 20:00:00",1974.45,1984.9,1974.45,1977.9,0.1747
112,"20-Mar-2023, 21:00:00",1978.01,1978.24,1965.62,1970.55,-0.3771
113,"20-Mar-2023, 22:00:00",1970.67,1973.88,1966.99,1973.76,0.1568
114,"20-Mar-2023, 23:00:00",1973.65,1980.99,1972.73,1974.8,0.0583
115,"21-Mar-2023, 00:00:00",1974.68,1979.16,1973.88,1977.55,0.1453
116,"21-Mar-2023, 01:00:00",1977.44,1984.09,1975.94,1983.75,0.3191
117,"21-Mar-2023, 02:00:00",1983.63,1984.32,1976.75,1977.09,-0.3297
118,"21-Mar-2023, 03:00:00",1976.98,1979.73,1976.86,1978.12,0.0577
119,"21-Mar-2023, 04:00:00",1978.01,1978.58,1976.98,1978.58,0.0288
120,"21-Mar-2023, 05:00:00",1978.47,1980.08,1977.78,1978.12,-0.0177
121,"21-Mar-2023, 06:00:00",1978.35,1979.04,1975.94,1976.52,-0.0925
122,"21-Mar-2023, 07:00:00",1976.52,1982.6,1975.14,1980.08,0.1801
123,"21-Mar-2023, 08:00:00",1980.31,1982.83,1978.93,1980.08,-0.0116
124,"21-Mar-2023, 09:00:00",1979.96,1984.44,1978.81,1983.29,0.1682
125,"21-Mar-2023, 10:00:00",1983.17,1985.13,1981.57,1983.86,0.0348
126,"21-Mar-2023, 11:00:00",1983.52,1983.86,1980.65,1980.88,-0.1331
127,"21-Mar-2023, 12:00:00",1981.11,1982.83,1979.73,1982.49,0.0697
128,"21-Mar-2023, 13:00:00",1982.49,1983.17,1971.58,1973.19,-0.4691
129,"21-Mar-2023, 14:00:00",1973.3,1978.81,1970.09,1970.21,-0.1566
130,"21-Mar-2023, 15:00:00",1970.32,1970.89,1962.75,1966.3,-0.204
131,"21-Mar-2023, 16:00:00",1966.19,1969.86,1965.16,1968.94,0.1399
132,"21-Mar-2023, 17:00:00",1969.06,1969.52,1964.01,1968.71,-0.0178
133,"21-Mar-2023, 18:00:00",1968.71,1969.4,1965.5,1966.19,-0.128
134,"21-Mar-2023, 19:00:00",1966.3,1967.11,1960.22,1963.55,-0.1399
135,"21-Mar-2023, 20:00:00",1963.55,1965.96,1951.84,1952.65,-0.5551
136,"21-Mar-2023, 21:00:00",1952.53,1955.06,1945.19,1953.22,0.0353
137,"21-Mar-2023, 22:00:00",1953.22,1953.34,1943.12,1948.06,-0.2642
138,"21-Mar-2023, 23:00:00",1948.29,1949.2,1940.14,1944.27,-0.2063
139,"22-Mar-2023, 00:00:00",1944.38,1944.96,1936.46,1941.51,-0.1476
140,"22-Mar-2023, 01:00:00",1941.63,1942.32,1935.2,1936.58,-0.2601
141,"22-Mar-2023, 02:00:00",1936.69,1940.83,1935.78,1940.02,0.1719
142,"22-Mar-2023, 03:00:00",1940.25,1940.94,1939.1,1939.91,-0.0175
143,"22-Mar-2023, 04:00:00",1939.91,1940.14,1939.79,1940.02,0.0057
144,"22-Mar-2023, 05:00:00",1939.68,1942.66,1938.87,1941.06,0.0711
145,"22-Mar-2023, 06:00:00",1941.17,1944.15,1940.83,1943.24,0.1066
146,"22-Mar-2023, 07:00:00",1943.12,1944.84,1942.09,1943.58,0.0237
147,"22-Mar-2023, 08:00:00",1943.47,1946.45,1942.55,1944.04,0.0293
148,"22-Mar-2023, 09:00:00",1944.04,1944.15,1938.87,1939.45,-0.2361
149,"22-Mar-2023, 10:00:00",1939.22,1941.97,1937.96,1939.79,0.0294
150,"22-Mar-2023, 11:00:00",1939.79,1940.25,1937.73,1939.33,-0.0237
151,"22-Mar-2023, 12:00:00",1939.1,1941.4,1937.84,1940.02,0.0474
152,"22-Mar-2023, 13:00:00",1939.79,1943.7,1938.87,1942.55,0.1423
153,"22-Mar-2023, 14:00:00",1942.55,1943.01,1934.05,1939.79,-0.1421
154,"22-Mar-2023, 15:00:00",1939.79,1945.42,1939.45,1941.97,0.1124
155,"22-Mar-2023, 16:00:00",1941.86,1945.88,1941.63,1944.15,0.1179
156,"22-Mar-2023, 17:00:00",1944.15,1945.42,1940.02,1942.32,-0.0941
157,"22-Mar-2023, 18:00:00",1942.78,1943.58,1939.68,1942.55,-0.0118
158,"22-Mar-2023, 19:00:00",1942.55,1943.7,1936.81,1937.5,-0.26
159,"22-Mar-2023, 20:00:00",1937.5,1944.5,1937.27,1943.01,0.2844
160,"22-Mar-2023, 21:00:00",1942.89,1951.73,1942.43,1950.7,0.402
161,"22-Mar-2023, 22:00:00",1950.81,1952.07,1946.22,1947.25,-0.1825
162,"22-Mar-2023, 23:00:00",1947.25,1950.01,1945.42,1949.2,0.1001
163,"23-Mar-2023, 00:00:00",1949.2,1950.93,1944.96,1945.88,-0.1703
164,"23-Mar-2023, 01:00:00",1946.22,1978.81,1945.88,1971.01,1.2738
165,"23-Mar-2023, 02:00:00",1970.55,1975.37,1954.14,1972.62,0.105
166,"23-Mar-2023, 03:00:00",1972.73,1975.14,1966.53,1969.4,-0.1688
167,"23-Mar-2023, 04:00:00",1969.63,1969.63,1968.6,1969.4,-0.0117
168,"23-Mar-2023, 05:00:00",1969.75,1971.12,1964.47,1965.5,-0.2158
169,"23-Mar-2023, 06:00:00",1965.39,1970.21,1965.27,1969.63,0.2157
170,"23-Mar-2023, 07:00:00",1969.52,1973.76,1969.4,1972.85,0.1691
171,"23-Mar-2023, 08:00:00",1972.85,1973.19,1966.07,1968.6,-0.2154
172,"23-Mar-2023, 09:00:00",1968.94,1976.17,1968.6,1975.26,0.321
173,"23-Mar-2023, 10:00:00",1975.14,1977.67,1972.96,1976.63,0.0754
174,"23-Mar-2023, 11:00:00",1976.75,1978.24,1974.68,1977.78,0.0521
175,"23-Mar-2023, 12:00:00",1977.67,1980.88,1975.83,1976.98,-0.0349
176,"23-Mar-2023, 13:00:00",1976.98,1983.52,1976.29,1978.12,0.0577
177,"23-Mar-2023, 14:00:00",1978.24,1983.63,1974.68,1976.75,-0.0753
178,"23-Mar-2023, 15:00:00",1976.86,1978.81,1973.99,1976.4,-0.0233
179,"23-Mar-2023, 16:00:00",1976.4,1978.81,1974.68,1978.12,0.087
180,"23-Mar-2023, 17:00:00",1978.01,1980.65,1975.94,1977.55,-0.0233
181,"23-Mar-2023, 18:00:00",1977.55,1978.7,1975.26,1978.35,0.0405
182,"23-Mar-2023, 19:00:00",1978.35,1980.31,1966.42,1971.7,-0.3361
183,"23-Mar-2023, 20:00:00",1971.81,1985.01,1971.01,1983.98,0.6172
184,"23-Mar-2023, 21:00:00",1983.98,1984.44,1978.58,1978.93,-0.2545
185,"23-Mar-2023, 22:00:00",1978.81,1987.08,1977.32,1983.98,0.2613
186,"23-Mar-2023, 23:00:00",1983.86,1995.11,1982.37,1994.19,0.5207
187,"24-Mar-2023, 00:00:00",1994.08,1999.59,1990.52,1999.47,0.2703
188,"24-Mar-2023, 01:00:00",1999.47,2003.26,1992.24,1993.16,-0.3156
189,"24-Mar-2023, 02:00:00",1993.16,1999.13,1987.77,1997.64,0.2248
190,"24-Mar-2023, 03:00:00",1997.52,1998.78,1991.9,1991.9,-0.2813
191,"24-Mar-2023, 04:00:00",1992.82,1993.27,1992.47,1992.47,-0.0176
192,"24-Mar-2023, 05:00:00",1992.82,1993.85,1989.72,1991.9,-0.0462
193,"24-Mar-2023, 06:00:00",1991.9,1993.27,1990.18,1990.86,-0.0522
194,"24-Mar-2023, 07:00:00",1991.21,1994.54,1989.37,1993.5,0.115
195,"24-Mar-2023, 08:00:00",1993.73,1994.77,1989.83,1990.52,-0.161
196,"24-Mar-2023, 09:00:00",1990.52,1993.39,1989.95,1991.67,0.0578
197,"24-Mar-2023, 10:00:00",1991.44,1993.5,1989.37,1992.82,0.0693
198,"24-Mar-2023, 11:00:00",1992.59,1993.27,1990.63,1993.16,0.0286
199,"24-Mar-2023, 12:00:00",1993.16,1993.27,1989.03,1990.29,-0.144
200,"24-Mar-2023, 13:00:00",1990.4,1990.98,1984.9,1985.81,-0.2306
201,"24-Mar-2023, 14:00:00",1985.93,1990.18,1985.58,1989.37,0.1732
202,"24-Mar-2023, 15:00:00",1989.49,1992.82,1980.88,1985.24,-0.2136
203,"24-Mar-2023, 16:00:00",1985.24,1994.88,1985.13,1993.96,0.4392
204,"24-Mar-2023, 17:00:00",1994.31,2000.16,1992.13,1993.5,-0.0406
205,"24-Mar-2023, 18:00:00",1993.5,1996.03,1990.52,1995.68,0.1094
206,"24-Mar-2023, 19:00:00",1995.57,2002.91,1992.82,1998.78,0.1609
207,"24-Mar-2023, 20:00:00",1998.78,2001.77,1988.34,1989.37,-0.4708
208,"24-Mar-2023, 21:00:00",1989.37,1998.32,1985.7,1994.31,0.2483
209,"24-Mar-2023, 22:00:00",1994.42,1995.68,1986.85,1987.08,-0.368
210,"24-Mar-2023, 23:00:00",1987.31,1990.63,1983.52,1986.62,-0.0347
211,"25-Mar-2023, 00:00:00",1986.73,1987.19,1975.37,1979.62,-0.3579
212,"25-Mar-2023, 01:00:00",1979.73,1979.85,1974.91,1978.35,-0.0697
213,"25-Mar-2023, 02:00:00",1978.35,1979.62,1975.49,1976.17,-0.1102
214,"25-Mar-2023, 03:00:00",1975.49,1979.39,1974.8,1978.24,0.1392
215,"25-Mar-2023, 04:00:00",1978.35,1978.35,1976.86,1976.86,-0.0753
216,"27-Mar-2023, 05:00:00",1979.85,1980.42,1969.17,1973.88,-0.3015
217,"27-Mar-2023, 06:00:00",1973.88,1976.75,1972.73,1975.71,0.0927
218,"27-Mar-2023, 07:00:00",1975.71,1976.17,1972.27,1973.53,-0.1103
219,"27-Mar-2023, 08:00:00",1973.53,1978.7,1971.81,1974.45,0.0466
220,"27-Mar-2023, 09:00:00",1974.34,1977.09,1973.3,1976.63,0.116
221,"27-Mar-2023, 10:00:00",1976.86,1976.98,1973.99,1974.22,-0.1335
222,"27-Mar-2023, 11:00:00",1974.57,1975.49,1973.08,1973.3,-0.0643
223,"27-Mar-2023, 12:00:00",1973.65,1973.99,1969.06,1969.98,-0.1859
224,"27-Mar-2023, 13:00:00",1970.09,1971.81,1966.42,1969.63,-0.0233
225,"27-Mar-2023, 14:00:00",1969.52,1972.62,1965.62,1970.89,0.0696
226,"27-Mar-2023, 15:00:00",1970.89,1972.16,1967.11,1968.26,-0.1334
227,"27-Mar-2023, 16:00:00",1968.48,1968.83,1955.86,1956.09,-0.6294
228,"27-Mar-2023, 17:00:00",1956.2,1957.47,1948.06,1949.66,-0.3343
229,"27-Mar-2023, 18:00:00",1949.66,1955.17,1949.09,1954.25,0.2354
230,"27-Mar-2023, 19:00:00",1954.25,1958.27,1944.15,1945.65,-0.4401
231,"27-Mar-2023, 20:00:00",1945.65,1951.04,1943.92,1949.32,0.1886
232,"27-Mar-2023, 21:00:00",1949.09,1956.78,1945.65,1954.25,0.2647
233,"27-Mar-2023, 22:00:00",1954.37,1958.84,1952.99,1956.89,0.1289
234,"27-Mar-2023, 23:00:00",1956.66,1959.53,1954.37,1955.86,-0.0409
235,"28-Mar-2023, 00:00:00",1955.98,1956.32,1950.58,1952.76,-0.1646
236,"28-Mar-2023, 01:00:00",1952.76,1956.89,1952.3,1956.09,0.1705
237,"28-Mar-2023, 02:00:00",1955.98,1958.27,1955.17,1956.89,0.0465
238,"28-Mar-2023, 03:00:00",1956.89,1957.7,1955.4,1956.2,-0.0353
239,"28-Mar-2023, 04:00:00",1956.32,1957.24,1954.83,1955.29,-0.0526
240,"28-Mar-2023, 05:00:00",1955.52,1958.27,1954.71,1957.24,0.088
241,"28-Mar-2023, 06:00:00",1957.24,1958.39,1956.78,1957.81,0.0291
242,"28-Mar-2023, 07:00:00",1958.04,1960.8,1957.47,1959.07,0.0526
243,"28-Mar-2023, 08:00:00",1959.3,1964.12,1958.84,1962.63,0.17
244,"28-Mar-2023, 09:00:00",1962.63,1962.75,1958.96,1960.11,-0.1284
245,"28-Mar-2023, 10:00:00",1960.22,1961.25,1958.61,1959.65,-0.0291
246,"28-Mar-2023, 11:00:00",1959.65,1960.22,1957.12,1957.7,-0.0995
247,"28-Mar-2023, 12:00:00",1957.7,1960.91,1956.43,1959.53,0.0935
248,"28-Mar-2023, 13:00:00",1959.53,1959.65,1952.88,1954.94,-0.2342
249,"28-Mar-2023, 14:00:00",1955.06,1957.01,1951.73,1953.57,-0.0762
250,"28-Mar-2023, 15:00:00",1954.02,1955.98,1949.55,1950.01,-0.2052
251,"28-Mar-2023, 16:00:00",1950.35,1954.02,1948.97,1953.91,0.1825
252,"28-Mar-2023, 17:00:00",1953.68,1957.35,1953.22,1956.55,0.1469
253,"28-Mar-2023, 18:00:00",1956.66,1958.73,1955.4,1957.12,0.0235
254,"28-Mar-2023, 19:00:00",1957.01,1967.45,1956.66,1965.27,0.4221
255,"28-Mar-2023, 20:00:00",1965.27,1966.07,1960.45,1963.21,-0.1048
256,"28-Mar-2023, 21:00:00",1963.32,1970.09,1958.73,1969.06,0.2924
257,"28-Mar-2023, 22:00:00",1969.06,1969.98,1965.73,1966.65,-0.1224
258,"28-Mar-2023, 23:00:00",1966.65,1969.4,1965.27,1969.06,0.1225
259,"29-Mar-2023, 00:00:00",1968.94,1975.14,1968.37,1974.57,0.2859
260,"29-Mar-2023, 01:00:00",1974.57,1975.14,1970.89,1973.08,-0.0755
261,"29-Mar-2023, 02:00:00",1973.08,1975.26,1972.27,1973.3,0.0112
262,"29-Mar-2023, 03:00:00",1973.42,1974.11,1971.12,1973.19,-0.0117
263,"29-Mar-2023, 04:00:00",1972.85,1973.53,1971.93,1973.3,0.0228
264,"29-Mar-2023, 05:00:00",1973.19,1974.34,1972.04,1972.96,-0.0117
265,"29-Mar-2023, 06:00:00",1973.08,1973.76,1971.01,1971.81,-0.0644
266,"29-Mar-2023, 07:00:00",1971.93,1972.96,1969.75,1970.44,-0.0756
267,"29-Mar-2023, 08:00:00",1970.44,1971.93,1966.53,1969.06,-0.07
268,"29-Mar-2023, 09:00:00",1969.17,1970.32,1967.11,1968.26,-0.0462
269,"29-Mar-2023, 10:00:00",1968.48,1969.17,1965.62,1966.3,-0.1107
270,"29-Mar-2023, 11:00:00",1966.53,1968.94,1965.62,1966.19,-0.0173
271,"29-Mar-2023, 12:00:00",1966.19,1967.68,1962.75,1962.98,-0.1633
272,"29-Mar-2023, 13:00:00",1963.09,1963.66,1959.88,1962.06,-0.0525
273,"29-Mar-2023, 14:00:00",1962.06,1964.81,1958.5,1961.25,-0.0413
274,"29-Mar-2023, 15:00:00",1961.6,1964.7,1960.45,1964.35,0.1402
275,"29-Mar-2023, 16:00:00",1964.24,1968.14,1964.01,1967.45,0.1634
276,"29-Mar-2023, 17:00:00",1967.22,1969.17,1965.5,1967.8,0.0295
277,"29-Mar-2023, 18:00:00",1967.8,1968.6,1962.86,1966.53,-0.0645
278,"29-Mar-2023, 19:00:00",1966.65,1968.71,1962.06,1964.81,-0.0936
279,"29-Mar-2023, 20:00:00",1964.81,1968.26,1960.8,1965.62,0.0412
280,"29-Mar-2023, 21:00:00",1965.62,1971.93,1963.09,1969.17,0.1806
281,"29-Mar-2023, 22:00:00",1969.17,1969.63,1960.45,1961.71,-0.3788
282,"29-Mar-2023, 23:00:00",1961.71,1965.73,1961.37,1965.16,0.1759
283,"30-Mar-2023, 00:00:00",1965.04,1969.29,1963.21,1969.06,0.2046
284,"30-Mar-2023, 01:00:00",1969.06,1969.17,1966.3,1966.88,-0.1107
285,"30-Mar-2023, 02:00:00",1966.99,1966.99,1960.8,1963.09,-0.1983
286,"30-Mar-2023, 03:00:00",1963.09,1964.7,1962.4,1964.58,0.0759
287,"30-Mar-2023, 04:00:00",1964.58,1964.58,1963.66,1964.12,-0.0234
288,"30-Mar-2023, 05:00:00",1963.32,1965.04,1962.17,1964.35,0.0525
289,"30-Mar-2023, 06:00:00",1964.35,1964.47,1962.52,1963.09,-0.0641
290,"30-Mar-2023, 07:00:00",1963.21,1963.66,1960.45,1961.37,-0.0937
291,"30-Mar-2023, 08:00:00",1961.48,1962.06,1955.17,1959.07,-0.1229
292,"30-Mar-2023, 09:00:00",1959.19,1960.34,1957.7,1958.39,-0.0408
293,"30-Mar-2023, 10:00:00",1958.27,1961.02,1957.35,1959.65,0.0705
294,"30-Mar-2023, 11:00:00",1959.53,1961.48,1958.5,1960.91,0.0704
295,"30-Mar-2023, 12:00:00",1960.8,1965.5,1959.99,1964.35,0.181
296,"30-Mar-2023, 13:00:00",1964.47,1969.52,1963.43,1968.71,0.2158
297,"30-Mar-2023, 14:00:00",1968.71,1971.58,1965.73,1966.65,-0.1046
298,"30-Mar-2023, 15:00:00",1966.65,1968.6,1964.58,1967.91,0.0641
299,"30-Mar-2023, 16:00:00",1967.91,1968.71,1966.53,1967.34,-0.029
300,"30-Mar-2023, 17:00:00",1967.34,1971.01,1966.53,1968.83,0.0757
301,"30-Mar-2023, 18:00:00",1968.83,1971.24,1967.91,1968.48,-0.0178
302,"30-Mar-2023, 19:00:00",1968.6,1975.37,1967.57,1970.32,0.0874
303,"30-Mar-2023, 20:00:00",1970.21,1971.12,1964.93,1966.53,-0.1868
304,"30-Mar-2023, 21:00:00",1966.53,1972.39,1963.66,1972.16,0.2863
305,"30-Mar-2023, 22:00:00",1972.04,1975.37,1970.67,1974.68,0.1339
306,"30-Mar-2023, 23:00:00",1974.68,1984.21,1974.45,1983.06,0.4244
307,"31-Mar-2023, 00:00:00",1983.06,1983.4,1977.78,1979.73,-0.1679
308,"31-Mar-2023, 01:00:00",1979.73,1981.8,1979.16,1980.99,0.0636
309,"31-Mar-2023, 02:00:00",1981.45,1983.06,1980.19,1981.11,-0.0172
310,"31-Mar-2023, 03:00:00",1981.22,1981.91,1979.39,1979.96,-0.0636
311,"31-Mar-2023, 04:00:00",1979.73,1980.08,1977.55,1979.16,-0.0288
312,"31-Mar-2023, 05:00:00",1979.96,1980.76,1977.78,1978.93,-0.052
313,"31-Mar-2023, 06:00:00",1979.16,1980.08,1977.78,1978.35,-0.0409
314,"31-Mar-2023, 07:00:00",1978.35,1979.85,1977.21,1979.62,0.0642
315,"31-Mar-2023, 08:00:00",1979.5,1983.63,1978.81,1982.37,0.145
316,"31-Mar-2023, 09:00:00",1982.44,1983.44,1980.54,1981.44,-0.0504
317,"31-Mar-2023, 10:00:00",1981.72,1982.08,1980.45,1981.17,-0.0278
318,"31-Mar-2023, 11:00:00",1981.26,1982.17,1979.99,1980.81,-0.0227
319,"31-Mar-2023, 12:00:00",1980.99,1980.99,1977.91,1979.0,-0.1005
320,"31-Mar-2023, 13:00:00",1978.91,1985.16,1978.91,1984.25,0.2698
321,"31-Mar-2023, 14:00:00",1984.34,1984.34,1974.65,1975.37,-0.452
322,"31-Mar-2023, 15:00:00",1975.46,1978.82,1973.11,1975.19,-0.0137
323,"31-Mar-2023, 16:00:00",1975.1,1980.54,1975.1,1978.45,0.1696
324,"31-Mar-2023, 17:00:00",1978.45,1981.17,1976.73,1979.45,0.0505
325,"31-Mar-2023, 18:00:00",1979.45,1982.08,1979.09,1980.36,0.046
326,"31-Mar-2023, 19:00:00",1980.27,1987.7,1976.01,1979.63,-0.0323
327,"31-Mar-2023, 20:00:00",1979.63,1984.25,1974.74,1980.17,0.0273
328,"31-Mar-2023, 21:00:00",1979.72,1981.44,1975.1,1978.0,-0.0869
329,"31-Mar-2023, 22:00:00",1977.91,1981.17,1974.74,1979.63,0.087
330,"31-Mar-2023, 23:00:00",1979.72,1980.08,1975.01,1977.18,-0.1283
331,"01-Apr-2023, 00:00:00",1977.27,1977.55,1966.67,1967.49,-0.4946
332,"01-Apr-2023, 01:00:00",1967.4,1972.29,1967.03,1971.38,0.2023
333,"01-Apr-2023, 02:00:00",1971.38,1971.66,1968.12,1970.93,-0.0228
334,"01-Apr-2023, 03:00:00",1971.02,1971.11,1968.3,1968.66,-0.1197
335,"03-Apr-2023, 05:00:00",1972.65,1973.11,1960.23,1962.59,-0.51
336,"03-Apr-2023, 06:00:00",1962.68,1962.86,1956.79,1957.15,-0.2818
337,"03-Apr-2023, 07:00:00",1957.15,1964.31,1956.7,1962.59,0.278
338,"03-Apr-2023, 08:00:00",1962.5,1964.68,1958.33,1960.33,-0.1106
339,"03-Apr-2023, 09:00:00",1960.42,1960.6,1952.44,1952.62,-0.3979
340,"03-Apr-2023, 10:00:00",1952.8,1953.98,1949.54,1951.9,-0.0461
341,"03-Apr-2023, 11:00:00",1951.9,1952.89,1950.27,1952.8,0.0461
342,"03-Apr-2023, 12:00:00",1952.62,1954.34,1951.35,1953.98,0.0697
343,"03-Apr-2023, 13:00:00",1953.89,1957.33,1950.72,1954.62,0.0374
344,"03-Apr-2023, 14:00:00",1954.89,1962.23,1953.17,1962.05,0.3663
345,"03-Apr-2023, 15:00:00",1961.87,1966.58,1961.05,1965.85,0.2029
346,"03-Apr-2023, 16:00:00",1965.76,1967.21,1963.04,1966.22,0.0234
347,"03-Apr-2023, 17:00:00",1966.13,1972.65,1965.76,1972.65,0.3316
348,"03-Apr-2023, 18:00:00",1972.47,1979.0,1971.02,1978.72,0.3169
349,"03-Apr-2023, 19:00:00",1978.63,1980.08,1975.55,1979.09,0.0232
350,"03-Apr-2023, 20:00:00",1979.09,1980.99,1972.29,1976.01,-0.1556
351,"03-Apr-2023, 21:00:00",1976.1,1990.05,1975.73,1986.07,0.5045
352,"03-Apr-2023, 22:00:00",1986.07,1990.6,1983.62,1987.88,0.0911
353,"03-Apr-2023, 23:00:00",1987.97,1990.6,1986.52,1987.06,-0.0458
354,"04-Apr-2023, 00:00:00",1987.06,1987.15,1981.53,1984.98,-0.1047
355,"04-Apr-2023, 01:00:00",1985.07,1985.43,1981.99,1982.44,-0.1325
356,"04-Apr-2023, 02:00:00",1982.35,1986.25,1982.08,1985.16,0.1418
357,"04-Apr-2023, 03:00:00",1985.16,1986.07,1983.26,1984.16,-0.0504
358,"04-Apr-2023, 04:00:00",1984.43,1984.43,1983.98,1983.98,-0.0227
359,"04-Apr-2023, 05:00:00",1983.44,1985.61,1983.35,1983.62,0.0091
360,"04-Apr-2023, 06:00:00",1983.89,1985.7,1983.35,1984.71,0.0413
361,"04-Apr-2023, 07:00:00",1985.07,1985.43,1981.9,1982.89,-0.1098
362,"04-Apr-2023, 08:00:00",1982.98,1983.71,1977.64,1978.18,-0.2421
363,"04-Apr-2023, 09:00:00",1978.27,1981.53,1977.91,1980.9,0.1329
364,"04-Apr-2023, 10:00:00",1980.63,1980.99,1977.73,1978.18,-0.1237
365,"04-Apr-2023, 11:00:00",1978.09,1980.9,1977.73,1979.81,0.087
366,"04-Apr-2023, 12:00:00",1979.81,1981.17,1978.0,1978.82,-0.05
367,"04-Apr-2023, 13:00:00",1978.82,1982.53,1976.73,1981.35,0.1279
368,"04-Apr-2023, 14:00:00",1981.62,1983.89,1978.54,1982.26,0.0323
369,"04-Apr-2023, 15:00:00",1982.26,1984.34,1979.99,1980.72,-0.0777
370,"04-Apr-2023, 16:00:00",1980.72,1983.98,1979.99,1983.08,0.1191
371,"04-Apr-2023, 17:00:00",1983.08,1984.43,1981.08,1981.9,-0.0595
372,"04-Apr-2023, 18:00:00",1982.26,1982.62,1978.36,1981.81,-0.0227
373,"04-Apr-2023, 19:00:00",1981.99,1985.79,1981.44,1983.71,0.0868
374,"04-Apr-2023, 20:00:00",1983.71,1993.32,1983.26,1992.59,0.4476
375,"04-Apr-2023, 21:00:00",1992.32,2025.22,1992.23,2016.07,1.1921
376,"04-Apr-2023, 22:00:00",2015.98,2023.14,2015.43,2020.24,0.2113
377,"04-Apr-2023, 23:00:00",2020.15,2025.04,2019.33,2020.69,0.0267
378,"05-Apr-2023, 00:00:00",2020.78,2020.96,2017.43,2018.24,-0.1257
379,"05-Apr-2023, 01:00:00",2018.15,2021.6,2017.52,2021.14,0.1482
380,"05-Apr-2023, 02:00:00",2021.14,2022.5,2020.05,2021.87,0.0361
381,"05-Apr-2023, 03:00:00",2021.78,2022.05,2019.87,2019.96,-0.09
382,"05-Apr-2023, 04:00:00",2019.6,2019.87,2019.6,2019.87,0.0134
383,"05-Apr-2023, 05:00:00",2019.87,2021.69,2019.42,2020.6,0.0361
384,"05-Apr-2023, 06:00:00",2020.51,2023.68,2020.33,2021.78,0.0629
385,"05-Apr-2023, 07:00:00",2021.78,2022.5,2019.06,2019.42,-0.1167
386,"05-Apr-2023, 08:00:00",2019.42,2021.87,2019.06,2020.51,0.054
387,"05-Apr-2023, 09:00:00",2020.42,2025.31,2019.87,2023.95,0.1747
388,"05-Apr-2023, 10:00:00",2023.95,2024.04,2021.41,2022.95,-0.0494
389,"05-Apr-2023, 11:00:00",2022.86,2023.68,2021.69,2023.32,0.0227
390,"05-Apr-2023, 12:00:00",2023.23,2024.77,2022.41,2024.22,0.0489
391,"05-Apr-2023, 13:00:00",2024.13,2026.31,2022.59,2024.41,0.0138
392,"05-Apr-2023, 14:00:00",2024.31,2028.3,2022.59,2025.4,0.0538
393,"05-Apr-2023, 15:00:00",2025.4,2028.12,2022.95,2023.95,-0.0716
394,"05-Apr-2023, 16:00:00",2023.86,2025.22,2021.41,2024.22,0.0178
395,"05-Apr-2023, 17:00:00",2024.13,2025.13,2021.41,2022.14,-0.0983
396,"05-Apr-2023, 18:00:00",2022.23,2024.41,2021.14,2022.95,0.0356
397,"05-Apr-2023, 19:00:00",2022.77,2032.02,2021.87,2031.47,0.4301
398,"05-Apr-2023, 20:00:00",2031.47,2032.11,2020.87,2022.59,-0.4371
399,"05-Apr-2023, 21:00:00",2022.68,2031.57,2009.72,2018.6,-0.2017
400,"05-Apr-2023, 22:00:00",2018.6,2023.05,2015.61,2021.6,0.1486
401,"05-Apr-2023, 23:00:00",2021.69,2024.04,2019.24,2021.23,-0.0228
402,"06-Apr-2023, 00:00:00",2021.32,2022.14,2018.88,2020.87,-0.0223
403,"06-Apr-2023, 01:00:00",2020.96,2023.32,2020.24,2023.05,0.1034
404,"06-Apr-2023, 02:00:00",2023.05,2023.32,2020.24,2020.96,-0.1033
405,"06-Apr-2023, 03:00:00",2020.96,2021.69,2019.69,2020.05,-0.045
406,"06-Apr-2023, 04:00:00",2020.15,2020.6,2019.6,2019.6,-0.0272
407,"06-Apr-2023, 05:00:00",2020.24,2021.41,2018.33,2020.33,0.0045
408,"06-Apr-2023, 06:00:00",2020.42,2021.05,2019.69,2019.87,-0.0272
409,"06-Apr-2023, 07:00:00",2020.24,2020.51,2016.61,2016.97,-0.1619
410,"06-Apr-2023, 08:00:00",2017.06,2017.15,2012.17,2012.62,-0.2201
411,"06-Apr-2023, 09:00:00",2012.71,2013.35,2007.73,2010.9,-0.0899
412,"06-Apr-2023, 10:00:00",2010.9,2012.26,2009.9,2011.08,0.009
413,"06-Apr-2023, 11:00:00",2011.26,2013.98,2010.18,2013.35,0.1039
414,"06-Apr-2023, 12:00:00",2013.53,2016.07,2011.17,2015.61,0.1033
415,"06-Apr-2023, 13:00:00",2015.61,2016.88,2011.44,2013.62,-0.0987
416,"06-Apr-2023, 14:00:00",2013.62,2018.15,2012.26,2016.34,0.1351
417,"06-Apr-2023, 15:00:00",2016.25,2019.6,2014.25,2017.43,0.0585
418,"06-Apr-2023, 16:00:00",2017.24,2020.42,2016.61,2019.51,0.1125
419,"06-Apr-2023, 17:00:00",2019.42,2020.87,2017.34,2020.33,0.0451
420,"06-Apr-2023, 18:00:00",2020.24,2020.96,2016.7,2018.42,-0.0901
421,"06-Apr-2023, 19:00:00",2018.51,2020.78,2010.99,2012.8,-0.2829
422,"06-Apr-2023, 20:00:00",2012.89,2014.25,2000.57,2003.56,-0.4635
423,"06-Apr-2023, 21:00:00",2003.56,2012.26,2001.02,2011.81,0.4118
424,"06-Apr-2023, 22:00:00",2011.99,2013.17,2008.73,2011.08,-0.0452
425,"06-Apr-2023, 23:00:00",2011.08,2015.07,2010.45,2011.63,0.0273
426,"07-Apr-2023, 00:00:00",2011.72,2012.71,2008.27,2009.9,-0.0905
427,"07-Apr-2023, 01:00:00",2009.99,2011.63,2007.91,2009.09,-0.0448
428,"07-Apr-2023, 02:00:00",2009.18,2009.45,2005.92,2006.46,-0.1354
429,"07-Apr-2023, 03:00:00",2006.37,2008.18,2005.37,2007.46,0.0543
430,"07-Apr-2023, 04:00:00",2007.37,2007.91,2006.91,2007.91,0.0269
431,"07-Apr-2023, 11:00:00",2007.91,2008.36,2007.91,2008.36,0.0224
432,"07-Apr-2023, 12:00:00",2008.36,2009.0,2008.36,2008.91,0.0274
433,"07-Apr-2023, 19:00:00",2007.64,2007.82,2007.55,2007.73,0.0045
434,"08-Apr-2023, 04:00:00",2007.0,2007.18,2006.91,2007.09,0.0045
435,"10-Apr-2023, 05:00:00",1993.14,2006.64,1989.24,2005.46,0.6181
436,"10-Apr-2023, 06:00:00",2005.46,2006.1,2004.37,2005.64,0.009
437,"10-Apr-2023, 07:00:00",2005.55,2006.01,1997.4,1998.3,-0.3615
438,"10-Apr-2023, 08:00:00",1998.3,2000.75,1995.49,1996.94,-0.0681
439,"10-Apr-2023, 09:00:00",1997.12,1997.3,1988.69,1991.05,-0.3039
440,"10-Apr-2023, 10:00:00",1991.14,1993.05,1990.05,1990.87,-0.0136
441,"10-Apr-2023, 11:00:00",1990.87,1993.86,1989.42,1992.23,0.0683
442,"10-Apr-2023, 12:00:00",1992.14,1995.22,1991.14,1994.59,0.123
443,"10-Apr-2023, 13:00:00",1994.5,1996.49,1991.41,1995.95,0.0727
444,"10-Apr-2023, 14:00:00",1995.85,1997.67,1994.86,1997.4,0.0777
445,"10-Apr-2023, 15:00:00",1997.4,1999.48,1995.58,1997.3,-0.005
446,"10-Apr-2023, 16:00:00",1997.3,2002.02,1996.67,2000.57,0.1637
447,"10-Apr-2023, 17:00:00",2000.48,2002.92,1999.57,2001.84,0.068
448,"10-Apr-2023, 18:00:00",2001.93,2003.11,1999.57,2001.47,-0.023
449,"10-Apr-2023, 19:00:00",2001.66,2002.11,1988.97,1989.42,-0.6115
450,"10-Apr-2023, 20:00:00",1989.51,1994.5,1986.07,1988.06,-0.0729
451,"10-Apr-2023, 21:00:00",1988.24,1992.14,1981.35,1987.52,-0.0362
452,"10-Apr-2023, 22:00:00",1987.52,1990.14,1986.97,1988.69,0.0589
453,"10-Apr-2023, 23:00:00",1988.6,1991.05,1986.88,1989.69,0.0548
454,"11-Apr-2023, 00:00:00",1989.69,1991.23,1987.88,1988.97,-0.0362
455,"11-Apr-2023, 01:00:00",1988.97,1990.96,1987.34,1990.51,0.0774
456,"11-Apr-2023, 02:00:00",1990.42,1992.95,1990.05,1991.5,0.0543
457,"11-Apr-2023, 03:00:00",1991.59,1991.87,1990.42,1990.87,-0.0362
458,"11-Apr-2023, 04:00:00",1990.96,1991.14,1989.33,1989.87,-0.0547
459,"11-Apr-2023, 05:00:00",1991.14,1991.69,1989.42,1991.5,0.0181
460,"11-Apr-2023, 06:00:00",1991.14,1992.59,1990.69,1992.23,0.0547
461,"11-Apr-2023, 07:00:00",1992.41,1995.49,1992.14,1993.23,0.0412
462,"11-Apr-2023, 08:00:00",1993.32,1993.59,1988.42,1991.14,-0.1094
463,"11-Apr-2023, 09:00:00",1991.05,1998.12,1990.69,1997.49,0.3234
464,"11-Apr-2023, 10:00:00",1997.85,1998.3,1996.04,1997.58,-0.0135
465,"11-Apr-2023, 11:00:00",1997.49,2000.11,1997.03,1999.48,0.0996
466,"11-Apr-2023, 12:00:00",1999.75,2001.66,1998.39,1999.03,-0.036
467,"11-Apr-2023, 13:00:00",1999.03,2002.02,1998.03,1999.3,0.0135
468,"11-Apr-2023, 14:00:00",1999.21,2003.83,1997.4,2002.11,0.1451
469,"11-Apr-2023, 15:00:00",2002.02,2007.55,2000.75,2004.65,0.1314
470,"11-Apr-2023, 16:00:00",2004.65,2005.46,2002.2,2004.47,-0.009
471,"11-Apr-2023, 17:00:00",2004.56,2005.01,2001.2,2004.37,-0.0095
472,"11-Apr-2023, 18:00:00",2004.47,2004.47,1999.12,2000.11,-0.2175
473,"11-Apr-2023, 19:00:00",2000.48,2002.65,1998.03,1998.57,-0.0955
474,"11-Apr-2023, 20:00:00",1998.57,2002.56,1995.22,2001.47,0.1451
475,"11-Apr-2023, 21:00:00",2001.38,2004.74,1999.39,2002.47,0.0545
476,"11-Apr-2023, 22:00:00",2002.38,2006.28,2001.29,2004.19,0.0904
477,"11-Apr-2023, 23:00:00",2004.1,2006.64,2003.56,2006.19,0.1043
478,"12-Apr-2023, 00:00:00",2006.19,2006.55,2000.57,2005.46,-0.0364
479,"12-Apr-2023, 01:00:00",2005.64,2005.92,2003.47,2004.19,-0.0723
480,"12-Apr-2023, 02:00:00",2004.56,2006.82,2003.11,2004.01,-0.0274
481,"12-Apr-2023, 03:00:00",2004.1,2004.74,2002.56,2003.11,-0.0494
482,"12-Apr-2023, 04:00:00",2003.29,2003.47,2002.29,2002.65,-0.0319
483,"12-Apr-2023, 05:00:00",2003.38,2004.47,2002.02,2003.92,0.027
484,"12-Apr-2023, 06:00:00",2003.83,2005.01,2003.11,2004.74,0.0454
485,"12-Apr-2023, 07:00:00",2004.65,2005.55,2003.56,2005.55,0.0449
486,"12-Apr-2023, 08:00:00",2005.46,2015.16,2003.56,2014.71,0.4612
487,"12-Apr-2023, 09:00:00",2014.62,2019.42,2013.26,2014.98,0.0179
488,"12-Apr-2023, 10:00:00",2014.8,2018.33,2013.89,2017.24,0.1211
489,"12-Apr-2023, 11:00:00",2017.15,2021.14,2016.61,2020.33,0.1576
490,"12-Apr-2023, 12:00:00",2020.24,2020.78,2017.15,2018.15,-0.1035
491,"12-Apr-2023, 13:00:00",2018.24,2018.79,2013.17,2015.61,-0.1303
492,"12-Apr-2023, 14:00:00",2015.61,2016.61,2011.26,2012.98,-0.1305
493,"12-Apr-2023, 15:00:00",2012.98,2013.8,2008.63,2009.0,-0.1977
494,"12-Apr-2023, 16:00:00",2009.0,2011.63,2008.09,2010.9,0.0946
495,"12-Apr-2023, 17:00:00",2010.81,2011.63,2007.09,2008.73,-0.1034
496,"12-Apr-2023, 18:00:00",2008.63,2010.27,2007.0,2007.73,-0.0448
497,"12-Apr-2023, 19:00:00",2007.64,2028.3,2005.92,2022.23,0.7267
498,"12-Apr-2023, 20:00:00",2022.23,2023.86,2001.2,2007.73,-0.717
499,"12-Apr-2023, 21:00:00",2007.91,2013.26,2002.74,2006.91,-0.0498
500,"12-Apr-2023, 22:00:00",2007.0,2009.63,2005.28,2005.73,-0.0633
501,"12-Apr-2023, 23:00:00",2005.73,2009.45,2005.01,2007.91,0.1087
502,"13-Apr-2023, 00:00:00",2007.73,2012.62,2006.37,2011.35,0.1803
503,"13-Apr-2023, 01:00:00",2011.26,2016.97,2010.99,2015.79,0.2252
504,"13-Apr-2023, 02:00:00",2015.79,2018.15,2012.71,2013.53,-0.1121
505,"13-Apr-2023, 03:00:00",2013.62,2015.16,2012.98,2014.34,0.0358
506,"13-Apr-2023, 04:00:00",2014.34,2014.62,2013.44,2013.8,-0.0268
507,"13-Apr-2023, 05:00:00",2014.25,2015.25,2013.53,2014.89,0.0318
508,"13-Apr-2023, 06:00:00",2015.07,2018.51,2014.71,2018.15,0.1528
509,"13-Apr-2023, 07:00:00",2018.06,2019.87,2016.25,2017.79,-0.0134
510,"13-Apr-2023, 08:00:00",2017.88,2019.24,2015.43,2017.79,-0.0045
511,"13-Apr-2023, 09:00:00",2017.79,2019.33,2015.98,2017.88,0.0045
512,"13-Apr-2023, 10:00:00",2017.88,2017.97,2015.25,2017.34,-0.0268
513,"13-Apr-2023, 11:00:00",2017.34,2019.51,2016.88,2018.42,0.0535
514,"13-Apr-2023, 12:00:00",2018.51,2019.15,2015.07,2015.34,-0.157
515,"13-Apr-2023, 13:00:00",2015.34,2023.32,2014.98,2020.15,0.2387
516,"13-Apr-2023, 14:00:00",2020.42,2025.67,2020.24,2024.5,0.2019
517,"13-Apr-2023, 15:00:00",2024.41,2029.21,2024.04,2026.58,0.1072
518,"13-Apr-2023, 16:00:00",2026.4,2028.66,2025.31,2026.58,0.0089
519,"13-Apr-2023, 17:00:00",2026.13,2028.03,2024.59,2026.58,0.0222
520,"13-Apr-2023, 18:00:00",2026.58,2028.66,2025.04,2028.57,0.0982
521,"13-Apr-2023, 19:00:00",2028.48,2045.61,2026.22,2044.89,0.809
522,"13-Apr-2023, 20:00:00",2044.8,2046.97,2038.82,2046.34,0.0753
523,"13-Apr-2023, 21:00:00",2046.43,2048.7,2033.29,2034.01,-0.6069
524,"13-Apr-2023, 22:00:00",2034.01,2042.35,2033.65,2038.82,0.2365
525,"13-Apr-2023, 23:00:00",2038.82,2040.54,2036.82,2039.99,0.0574
526,"14-Apr-2023, 00:00:00",2039.99,2044.07,2038.82,2043.71,0.1824
527,"14-Apr-2023, 01:00:00",2043.62,2043.98,2037.09,2038.18,-0.2662
528,"14-Apr-2023, 02:00:00",2038.18,2040.81,2036.19,2040.45,0.1114
529,"14-Apr-2023, 03:00:00",2040.45,2040.99,2039.18,2039.9,-0.027
530,"14-Apr-2023, 04:00:00",2039.18,2039.54,2039.18,2039.45,0.0132
531,"14-Apr-2023, 05:00:00",2039.63,2040.72,2039.45,2040.09,0.0226
532,"14-Apr-2023, 06:00:00",2039.99,2040.18,2038.27,2039.18,-0.0397
533,"14-Apr-2023, 07:00:00",2039.54,2043.62,2038.18,2041.81,0.1113
534,"14-Apr-2023, 08:00:00",2041.72,2045.89,2040.63,2045.89,0.2042
535,"14-Apr-2023, 09:00:00",2045.8,2047.43,2044.34,2045.98,0.0088
536,"14-Apr-2023, 10:00:00",2045.98,2046.07,2042.44,2044.8,-0.0577
537,"14-Apr-2023, 11:00:00",2044.98,2046.43,2041.99,2042.99,-0.0973
538,"14-Apr-2023, 12:00:00",2043.17,2043.62,2039.09,2042.53,-0.0313
539,"14-Apr-2023, 13:00:00",2042.71,2044.25,2040.27,2041.08,-0.0798
540,"14-Apr-2023, 14:00:00",2041.17,2041.35,2036.28,2039.0,-0.1063
541,"14-Apr-2023, 15:00:00",2038.91,2039.36,2031.2,2035.46,-0.1692
542,"14-Apr-2023, 16:00:00",2035.55,2038.73,2034.19,2038.54,0.1469
543,"14-Apr-2023, 17:00:00",2038.63,2042.17,2037.28,2037.82,-0.0397
544,"14-Apr-2023, 18:00:00",2038.18,2038.27,2031.84,2033.11,-0.2488
545,"14-Apr-2023, 19:00:00",2033.2,2040.18,2017.15,2024.5,-0.4279
546,"14-Apr-2023, 20:00:00",2024.59,2028.12,2019.6,2023.32,-0.0627
547,"14-Apr-2023, 21:00:00",2023.32,2023.5,1997.67,1998.48,-1.2277
548,"14-Apr-2023, 22:00:00",1998.57,2000.93,1993.59,1995.67,-0.1451
549,"14-Apr-2023, 23:00:00",1995.58,1999.75,1992.23,1999.66,0.2045
550,"15-Apr-2023, 00:00:00",1999.57,2004.19,1998.3,2003.83,0.213
551,"15-Apr-2023, 01:00:00",2003.83,2006.91,2003.02,2006.37,0.1268
552,"15-Apr-2023, 02:00:00",2006.28,2008.0,2004.56,2005.28,-0.0498
553,"15-Apr-2023, 03:00:00",2005.37,2005.73,2003.47,2003.47,-0.0947
554,"15-Apr-2023, 04:00:00",2000.39,2005.1,1998.03,2001.29,0.045
555,"17-Apr-2023, 05:00:00",2001.2,2005.1,2001.02,2002.92,0.0859
556,"17-Apr-2023, 06:00:00",2002.92,2004.74,2001.29,2002.11,-0.0404
557,"17-Apr-2023, 07:00:00",2002.11,2005.1,1994.95,2003.2,0.0544
558,"17-Apr-2023, 08:00:00",2003.11,2006.28,2002.92,2004.01,0.0449
559,"17-Apr-2023, 09:00:00",2003.92,2005.28,2003.65,2004.28,0.018
560,"17-Apr-2023, 10:00:00",2004.56,2006.19,2003.47,2004.28,-0.014
561,"17-Apr-2023, 11:00:00",2004.37,2012.89,2003.38,2011.44,0.3527
562,"17-Apr-2023, 12:00:00",2011.35,2013.53,2010.27,2011.44,0.0045
563,"17-Apr-2023, 13:00:00",2011.44,2015.07,2009.9,2010.72,-0.0358
564,"17-Apr-2023, 14:00:00",2010.81,2012.8,2007.64,2009.81,-0.0497
565,"17-Apr-2023, 15:00:00",2009.81,2012.17,2009.54,2010.36,0.0274
566,"17-Apr-2023, 16:00:00",2010.36,2011.17,2006.64,2007.64,-0.1353
567,"17-Apr-2023, 17:00:00",2007.64,2010.18,2004.56,2008.91,0.0633
568,"17-Apr-2023, 18:00:00",2009.09,2010.72,1999.03,2000.48,-0.4286
569,"17-Apr-2023, 19:00:00",2000.57,2002.29,1991.96,1995.85,-0.2359
570,"17-Apr-2023, 20:00:00",1996.13,1997.12,1981.08,1985.25,-0.5451
571,"17-Apr-2023, 21:00:00",1985.25,1992.23,1984.89,1990.05,0.2418
572,"17-Apr-2023, 22:00:00",1989.87,1992.14,1986.97,1991.69,0.0915
573,"17-Apr-2023, 23:00:00",1991.5,1995.95,1991.05,1995.31,0.1913
574,"18-Apr-2023, 00:00:00",1994.95,1997.21,1993.68,1995.67,0.0361
575,"18-Apr-2023, 01:00:00",1995.4,1996.76,1994.31,1996.31,0.0456
576,"18-Apr-2023, 02:00:00",1996.31,1996.58,1994.31,1994.31,-0.1002
577,"18-Apr-2023, 03:00:00",1994.31,1994.86,1992.59,1994.59,0.014
578,"18-Apr-2023, 04:00:00",1994.95,1995.4,1993.59,1994.31,-0.0321
579,"18-Apr-2023, 05:00:00",1994.68,1995.4,1993.5,1993.59,-0.0546
580,"18-Apr-2023, 06:00:00",1993.95,1996.22,1993.05,1995.31,0.0682
581,"18-Apr-2023, 07:00:00",1995.13,1999.39,1994.22,1997.85,0.1363
582,"18-Apr-2023, 08:00:00",1997.67,2000.93,1995.95,2000.39,0.1362
583,"18-Apr-2023, 09:00:00",2000.39,2001.84,1998.94,2000.3,-0.0045
584,"18-Apr-2023, 10:00:00",2000.3,2000.57,1997.94,1998.03,-0.1135
585,"18-Apr-2023, 11:00:00",1998.3,2001.84,1996.22,2000.57,0.1136
586,"18-Apr-2023, 12:00:00",2000.57,2001.2,1997.76,1999.75,-0.041
587,"18-Apr-2023, 13:00:00",1999.75,2004.19,1998.21,2002.2,0.1225
588,"18-Apr-2023, 14:00:00",2002.2,2005.19,2001.56,2003.2,0.0499
589,"18-Apr-2023, 15:00:00",2003.2,2004.19,1998.66,2001.11,-0.1043
590,"18-Apr-2023, 16:00:00",2001.11,2004.83,1999.39,2003.47,0.1179
591,"18-Apr-2023, 17:00:00",2003.47,2005.01,2002.56,2003.83,0.018
592,"18-Apr-2023, 18:00:00",2003.92,2005.92,2000.48,2001.11,-0.1402
593,"18-Apr-2023, 19:00:00",2001.2,2001.84,1991.05,1999.12,-0.1039
594,"18-Apr-2023, 20:00:00",1999.12,2010.63,1998.57,2009.18,0.5032
595,"18-Apr-2023, 21:00:00",2009.18,2011.9,2006.64,2008.27,-0.0453
596,"18-Apr-2023, 22:00:00",2008.45,2008.54,2004.74,2007.0,-0.0722
597,"18-Apr-2023, 23:00:00",2007.09,2008.27,2003.65,2003.65,-0.1714
598,"19-Apr-2023, 00:00:00",2004.01,2005.73,2003.11,2005.37,0.0679
599,"19-Apr-2023, 01:00:00",2005.46,2006.28,2003.56,2004.1,-0.0678
600,"19-Apr-2023, 02:00:00",2004.01,2005.55,2003.74,2005.1,0.0544
601,"19-Apr-2023, 03:00:00",2005.1,2006.01,2004.56,2006.01,0.0454
602,"19-Apr-2023, 04:00:00",2004.56,2006.01,2002.65,2005.55,0.0494
603,"19-Apr-2023, 05:00:00",2005.46,2006.37,2004.47,2005.82,0.018
604,"19-Apr-2023, 06:00:00",2005.73,2007.55,2004.56,2007.37,0.0818
605,"19-Apr-2023, 07:00:00",2007.46,2008.27,2002.56,2003.47,-0.1988
606,"19-Apr-2023, 08:00:00",2003.38,2006.91,2001.56,2004.19,0.0404
607,"19-Apr-2023, 09:00:00",2004.19,2004.83,2002.02,2003.38,-0.0404
608,"19-Apr-2023, 10:00:00",2003.38,2004.56,2002.2,2003.92,0.027
609,"19-Apr-2023, 11:00:00",2003.92,2004.37,1999.12,2000.39,-0.1762
610,"19-Apr-2023, 12:00:00",2000.48,2001.38,1986.88,1990.78,-0.4849
611,"19-Apr-2023, 13:00:00",1990.96,1995.58,1990.05,1991.41,0.0226
612,"19-Apr-2023, 14:00:00",1991.14,1991.5,1976.46,1979.63,-0.5781
613,"19-Apr-2023, 15:00:00",1980.17,1980.72,1972.56,1974.1,-0.3065
614,"19-Apr-2023, 16:00:00",1974.19,1976.46,1971.11,1973.01,-0.0598
615,"19-Apr-2023, 17:00:00",1973.11,1973.38,1969.03,1970.66,-0.1242
616,"19-Apr-2023, 18:00:00",1970.66,1980.63,1969.48,1980.45,0.4968
617,"19-Apr-2023, 19:00:00",1980.27,1993.05,1979.09,1990.69,0.5262
618,"19-Apr-2023, 20:00:00",1990.69,1996.04,1990.05,1992.86,0.109
619,"19-Apr-2023, 21:00:00",1992.86,1995.85,1988.6,1990.87,-0.0999
620,"19-Apr-2023, 22:00:00",1990.78,1996.58,1990.14,1996.04,0.2642
621,"19-Apr-2023, 23:00:00",1996.04,1996.67,1993.32,1993.95,-0.1047
622,"20-Apr-2023, 00:00:00",1993.86,1996.85,1993.32,1996.4,0.1274
623,"20-Apr-2023, 01:00:00",1996.13,1996.94,1993.5,1994.4,-0.0867
624,"20-Apr-2023, 02:00:00",1994.4,1995.49,1993.5,1994.5,0.005
625,"20-Apr-2023, 03:00:00",1994.5,1994.68,1991.59,1991.59,-0.1459
626,"20-Apr-2023, 04:00:00",1994.77,1995.95,1992.32,1994.5,-0.0135
627,"20-Apr-2023, 05:00:00",1994.5,1994.86,1993.05,1993.68,-0.0411
628,"20-Apr-2023, 06:00:00",1993.68,1996.76,1993.14,1995.58,0.0953
629,"20-Apr-2023, 07:00:00",1995.31,1995.76,1995.4,1995.76,0.0226
630,"20-Apr-2023, 08:00:00",1995.76,1996.94,1991.23,1991.78,-0.1994
631,"20-Apr-2023, 09:00:00",2019.15,2019.15,2016.07,2016.07,-0.1525
632,"20-Apr-2023, 10:00:00",1991.69,1993.22,1990.13,1992.8,0.0557
633,"20-Apr-2023, 11:00:00",1992.85,1994.37,1991.65,1992.71,-0.007
634,"20-Apr-2023, 12:00:00",1992.62,1995.25,1991.05,1994.23,0.0808
635,"20-Apr-2023, 13:00:00",1993.91,2001.24,1993.91,1999.12,0.2613
636,"20-Apr-2023, 14:00:00",1999.12,2000.0,1995.25,1997.09,-0.1015
637,"20-Apr-2023, 15:00:00",1996.95,1999.07,1994.14,1996.31,-0.032
638,"20-Apr-2023, 16:00:00",1996.58,2000.23,1992.06,1999.58,0.1503
639,"20-Apr-2023, 17:00:00",1999.49,2004.93,1999.17,2003.59,0.2051
640,"20-Apr-2023, 18:00:00",2003.59,2004.65,2000.55,2001.01,-0.1288
641,"20-Apr-2023, 19:00:00",2001.01,2011.39,1997.04,2006.45,0.2719
642,"20-Apr-2023, 20:00:00",2006.77,2007.33,2002.53,2003.55,-0.1605
643,"20-Apr-2023, 21:00:00",2003.55,2012.4,2000.73,2003.59,0.002
644,"20-Apr-2023, 22:00:00",2003.59,2004.28,1998.84,2002.49,-0.0549
645,"20-Apr-2023, 23:00:00",2002.49,2007.05,2001.93,2005.81,0.1658
646,"21-Apr-2023, 00:00:00",2005.62,2008.44,2004.93,2006.59,0.0484
647,"21-Apr-2023, 01:00:00",2006.68,2006.91,2003.73,2005.76,-0.0458
648,"21-Apr-2023, 02:00:00",2005.76,2005.99,2001.75,2003.04,-0.1356
649,"21-Apr-2023, 03:00:00",2003.04,2005.81,2002.85,2004.01,0.0484
650,"21-Apr-2023, 04:00:00",2003.96,2004.47,2002.58,2004.01,0.0025
651,"21-Apr-2023, 05:00:00",2003.87,2005.07,2002.16,2004.7,0.0414
652,"21-Apr-2023, 06:00:00",2004.61,2005.58,2001.56,2005.07,0.0229
653,"21-Apr-2023, 07:00:00",2005.25,2005.58,2001.43,2004.47,-0.0389
654,"21-Apr-2023, 08:00:00",2004.56,2005.25,2000.23,2001.98,-0.1287
655,"21-Apr-2023, 09:00:00",2001.98,2004.01,2001.15,2002.99,0.0505
656,"21-Apr-2023, 10:00:00",2002.99,2003.32,2000.73,2002.07,-0.0459
657,"21-Apr-2023, 11:00:00",2001.84,2002.39,1999.95,2000.5,-0.0669
658,"21-Apr-2023, 12:00:00",2000.36,2001.1,1993.54,1994.88,-0.274
659,"21-Apr-2023, 13:00:00",1994.97,1998.06,1981.55,1986.25,-0.4371
660,"21-Apr-2023, 14:00:00",1986.25,1987.64,1982.52,1986.71,0.0232
661,"21-Apr-2023, 15:00:00",1986.67,1989.62,1983.85,1988.37,0.0856
662,"21-Apr-2023, 16:00:00",1988.33,1990.31,1984.55,1986.07,-0.1137
663,"21-Apr-2023, 17:00:00",1986.07,1992.48,1985.65,1988.1,0.1022
664,"21-Apr-2023, 18:00:00",1988.05,1988.51,1984.32,1987.68,-0.0186
665,"21-Apr-2023, 19:00:00",1987.91,1991.09,1981.73,1988.93,0.0513
666,"21-Apr-2023, 20:00:00",1988.93,1998.01,1972.32,1974.22,-0.7396
667,"21-Apr-2023, 21:00:00",1973.62,1987.45,1971.31,1978.87,0.266
668,"21-Apr-2023, 22:00:00",1978.83,1979.75,1974.12,1975.78,-0.1541
669,"21-Apr-2023, 23:00:00",1975.78,1978.6,1973.62,1977.12,0.0678
670,"22-Apr-2023, 00:00:00",1977.44,1980.72,1976.94,1980.58,0.1588
671,"22-Apr-2023, 01:00:00",1980.63,1982.65,1978.32,1979.1,-0.0772
672,"22-Apr-2023, 02:00:00",1979.1,1983.02,1978.32,1982.65,0.1794
673,"22-Apr-2023, 03:00:00",1982.61,1983.62,1980.53,1982.38,-0.0116
674,"22-Apr-2023, 04:00:00",1982.93,1982.93,1982.38,1982.38,-0.0277
675,"24-Apr-2023, 05:00:00",1981.13,1984.04,1980.63,1984.04,0.1469
676,"24-Apr-2023, 06:00:00",1983.99,1985.42,1983.62,1984.32,0.0166
677,"24-Apr-2023, 07:00:00",1984.64,1984.64,1981.04,1983.48,-0.0584
678,"24-Apr-2023, 08:00:00",1983.76,1984.64,1978.83,1979.56,-0.2117
679,"24-Apr-2023, 09:00:00",1979.38,1983.25,1978.14,1980.26,0.0445
680,"24-Apr-2023, 10:00:00",1980.21,1981.5,1979.75,1980.81,0.0303
681,"24-Apr-2023, 11:00:00",1980.76,1981.27,1977.81,1979.47,-0.0651
682,"24-Apr-2023, 12:00:00",1979.52,1979.84,1976.15,1978.46,-0.0535
683,"24-Apr-2023, 13:00:00",1978.5,1981.69,1977.26,1978.92,0.0212
684,"24-Apr-2023, 14:00:00",1978.92,1983.21,1977.81,1982.65,0.1885
685,"24-Apr-2023, 15:00:00",1982.61,1985.28,1980.49,1985.05,0.1231
686,"24-Apr-2023, 16:00:00",1985.01,1986.94,1982.65,1983.12,-0.0952
687,"24-Apr-2023, 17:00:00",1983.07,1985.42,1982.65,1983.62,0.0277
688,"24-Apr-2023, 18:00:00",1983.62,1985.38,1982.24,1982.98,-0.0323
689,"24-Apr-2023, 19:00:00",1982.93,1984.59,1980.63,1983.85,0.0464
690,"24-Apr-2023, 20:00:00",1983.85,1985.05,1973.85,1977.49,-0.3206
691,"24-Apr-2023, 21:00:00",1977.9,1987.22,1976.15,1982.47,0.2311
692,"24-Apr-2023, 22:00:00",1982.1,1985.47,1981.04,1984.78,0.1352
693,"24-Apr-2023, 23:00:00",1984.73,1987.77,1984.22,1986.62,0.0952
694,"25-Apr-2023, 00:00:00",1986.57,1990.82,1986.25,1989.57,0.151
695,"25-Apr-2023, 01:00:00",1989.39,1990.4,1987.54,1989.76,0.0186
696,"25-Apr-2023, 02:00:00",1989.43,1989.9,1987.04,1988.74,-0.0347
697,"25-Apr-2023, 03:00:00",1988.7,1989.57,1987.82,1988.51,-0.0096
698,"25-Apr-2023, 04:00:00",1988.47,1989.16,1988.47,1989.16,0.0347
699,"25-Apr-2023, 05:00:00",1988.6,1993.45,1988.42,1992.66,0.2042
700,"25-Apr-2023, 06:00:00",1992.57,1996.63,1991.14,1994.97,0.1204
701,"25-Apr-2023, 07:00:00",1994.92,2000.96,1992.89,1996.86,0.0972
702,"25-Apr-2023, 08:00:00",1996.81,2000.64,1995.06,1997.23,0.021
703,"25-Apr-2023, 09:00:00",1997.14,1998.34,1993.86,1994.69,-0.1227
704,"25-Apr-2023, 10:00:00",1994.74,1996.44,1992.43,1992.8,-0.0973
705,"25-Apr-2023, 11:00:00",1992.85,1993.86,1990.54,1991.05,-0.0903
706,"25-Apr-2023, 12:00:00",1991.0,1995.75,1990.45,1995.57,0.2295
707,"25-Apr-2023, 13:00:00",1995.43,1996.95,1992.66,1994.23,-0.0601
708,"25-Apr-2023, 14:00:00",1994.32,1997.27,1987.36,1990.26,-0.2036
709,"25-Apr-2023, 15:00:00",1990.26,1991.14,1986.62,1988.56,-0.0854
710,"25-Apr-2023, 16:00:00",1988.51,1991.0,1986.76,1988.0,-0.0256
711,"25-Apr-2023, 17:00:00",1988.05,1988.51,1981.46,1982.15,-0.2968
712,"25-Apr-2023, 18:00:00",1982.15,1982.89,1976.43,1977.49,-0.2351
713,"25-Apr-2023, 19:00:00",1977.54,1994.51,1975.74,1992.99,0.7813
714,"25-Apr-2023, 20:00:00",1992.94,1993.77,1983.76,1985.24,-0.3864
715,"25-Apr-2023, 21:00:00",1985.28,1989.34,1983.12,1985.84,0.0282
716,"25-Apr-2023, 22:00:00",1985.51,1990.77,1985.15,1989.9,0.2211
717,"25-Apr-2023, 23:00:00",1989.94,1991.79,1987.96,1990.54,0.0302
718,"26-Apr-2023, 00:00:00",1990.5,1999.67,1989.62,1998.75,0.4145
719,"26-Apr-2023, 01:00:00",1998.98,2003.92,1993.95,1995.66,-0.1661
720,"26-Apr-2023, 02:00:00",1995.61,1999.44,1994.46,1999.17,0.1784
721,"26-Apr-2023, 03:00:00",1999.07,1999.26,1995.34,1996.91,-0.1081
722,"26-Apr-2023, 04:00:00",1996.58,1997.97,1995.15,1997.04,0.023
723,"26-Apr-2023, 05:00:00",1997.04,1998.29,1995.75,1997.6,0.028
724,"26-Apr-2023, 06:00:00",1997.27,2001.7,1997.23,2000.18,0.1457
725,"26-Apr-2023, 07:00:00",2000.18,2002.49,1997.04,1997.69,-0.1245
726,"26-Apr-2023, 08:00:00",1997.74,1999.63,1995.25,1999.07,0.0666
727,"26-Apr-2023, 09:00:00",1999.03,2000.87,1996.26,1998.47,-0.028
728,"26-Apr-2023, 10:00:00",1998.52,1998.57,1992.94,1993.95,-0.2287
729,"26-Apr-2023, 11:00:00",1993.68,1996.31,1993.68,1995.52,0.0923
730,"26-Apr-2023, 12:00:00",1995.48,1998.1,1994.83,1996.12,0.0321
731,"26-Apr-2023, 13:00:00",1996.08,1999.07,1994.05,1998.38,0.1152
732,"26-Apr-2023, 14:00:00",1998.34,1999.35,1994.74,1997.92,-0.021
733,"26-Apr-2023, 15:00:00",1997.97,1998.34,1995.06,1997.6,-0.0185
734,"26-Apr-2023, 16:00:00",1997.6,2000.18,1996.72,1998.8,0.0601
735,"26-Apr-2023, 17:00:00",1998.8,2000.5,1998.15,1999.26,0.023
736,"26-Apr-2023, 18:00:00",1999.26,2001.75,1991.14,1995.75,-0.1756
737,"26-Apr-2023, 19:00:00",1995.71,2000.27,1993.72,1997.92,0.1107
738,"26-Apr-2023, 20:00:00",1997.97,2009.4,1997.23,2002.76,0.2397
739,"26-Apr-2023, 21:00:00",2003.04,2004.19,1997.23,1998.47,-0.2282
740,"26-Apr-2023, 22:00:00",1998.52,2000.13,1991.14,1991.37,-0.3578
741,"26-Apr-2023, 23:00:00",1991.42,1992.75,1985.15,1986.48,-0.2481
742,"27-Apr-2023, 00:00:00",1986.3,1987.91,1986.3,1987.87,0.079
743,"27-Apr-2023, 01:00:00",1988.24,1991.0,1984.18,1990.36,0.1066
744,"27-Apr-2023, 02:00:00",1990.31,1991.69,1986.53,1988.0,-0.1161
745,"27-Apr-2023, 03:00:00",1987.96,1989.76,1986.62,1988.28,0.0161
746,"27-Apr-2023, 04:00:00",1988.24,1989.34,1988.24,1988.56,0.0161
747,"27-Apr-2023, 05:00:00",1989.16,1990.77,1987.04,1990.22,0.0533
748,"27-Apr-2023, 06:00:00",1989.99,1991.97,1989.62,1991.33,0.0673
749,"27-Apr-2023, 07:00:00",1991.6,1992.25,1989.53,1991.42,-0.009
750,"27-Apr-2023, 08:00:00",1991.46,1995.11,1989.25,1992.66,0.0603
751,"27-Apr-2023, 09:00:00",1992.57,1999.07,1991.74,1998.66,0.3056
752,"27-Apr-2023, 10:00:00",1998.61,2000.92,1997.64,1999.72,0.0555
753,"27-Apr-2023, 11:00:00",1999.72,2000.64,1997.32,1999.63,-0.0045
754,"27-Apr-2023, 12:00:00",1999.63,2002.81,1997.46,1998.98,-0.0325
755,"27-Apr-2023, 13:00:00",1998.98,2003.22,1997.04,2002.02,0.1521
756,"27-Apr-2023, 14:00:00",2002.02,2003.22,1998.06,1999.35,-0.1334
757,"27-Apr-2023, 15:00:00",1999.35,1999.95,1997.23,1997.78,-0.0785
758,"27-Apr-2023, 16:00:00",1998.15,2000.0,1996.54,1996.95,-0.0601
759,"27-Apr-2023, 17:00:00",1996.95,2001.15,1995.52,2000.6,0.1828
760,"27-Apr-2023, 18:00:00",2000.64,2001.24,1995.75,1996.86,-0.1889
761,"27-Apr-2023, 19:00:00",1996.91,2003.5,1981.55,1985.84,-0.5544
762,"27-Apr-2023, 20:00:00",1985.84,1988.88,1973.89,1981.78,-0.2044
763,"27-Apr-2023, 21:00:00",1981.92,1986.48,1978.55,1983.35,0.0722
764,"27-Apr-2023, 22:00:00",1983.35,1985.98,1981.55,1982.24,-0.056
765,"27-Apr-2023, 23:00:00",1982.15,1984.59,1980.86,1984.22,0.1044
766,"28-Apr-2023, 00:00:00",1984.18,1991.09,1983.35,1989.11,0.2485
767,"28-Apr-2023, 01:00:00",1989.02,1989.8,1986.76,1988.97,-0.0025
768,"28-Apr-2023, 02:00:00",1988.88,1989.94,1986.44,1988.05,-0.0417
769,"28-Apr-2023, 03:00:00",1987.82,1988.65,1986.99,1987.31,-0.0257
770,"28-Apr-2023, 04:00:00",1986.94,1987.73,1986.16,1987.04,0.005
771,"28-Apr-2023, 05:00:00",1987.5,1988.14,1986.16,1986.71,-0.0397
772,"28-Apr-2023, 06:00:00",1986.76,1987.77,1986.02,1986.57,-0.0096
773,"28-Apr-2023, 07:00:00",1986.85,1987.45,1985.24,1985.84,-0.0508
774,"28-Apr-2023, 08:00:00",1985.79,1991.65,1984.45,1990.45,0.2347
775,"28-Apr-2023, 09:00:00",1990.36,1990.77,1988.14,1990.45,0.0045
776,"28-Apr-2023, 10:00:00",1990.45,1991.14,1986.94,1988.88,-0.0789
777,"28-Apr-2023, 11:00:00",1988.83,1990.4,1985.93,1987.36,-0.0739
778,"28-Apr-2023, 12:00:00",1987.31,1989.66,1983.12,1984.73,-0.1298
779,"28-Apr-2023, 13:00:00",1984.73,1987.17,1982.93,1985.74,0.0509
780,"28-Apr-2023, 14:00:00",1985.84,1986.21,1981.13,1982.29,-0.1788
781,"28-Apr-2023, 15:00:00",1982.33,1983.76,1979.52,1983.39,0.0535
782,"28-Apr-2023, 16:00:00",1983.39,1983.81,1981.46,1982.93,-0.0232
783,"28-Apr-2023, 17:00:00",1982.93,1984.5,1982.24,1983.35,0.0212
784,"28-Apr-2023, 18:00:00",1983.3,1984.87,1981.64,1983.21,-0.0045
785,"28-Apr-2023, 19:00:00",1983.21,1987.64,1975.92,1984.22,0.0509
786,"28-Apr-2023, 20:00:00",1984.18,1990.13,1982.24,1986.44,0.1139
787,"28-Apr-2023, 21:00:00",1986.67,1993.72,1981.73,1992.39,0.2879
788,"28-Apr-2023, 22:00:00",1992.34,1995.06,1987.45,1991.65,-0.0346
789,"28-Apr-2023, 23:00:00",1991.69,1994.14,1988.74,1991.42,-0.0136
790,"29-Apr-2023, 00:00:00",1991.56,1992.89,1988.65,1990.59,-0.0487
791,"29-Apr-2023, 01:00:00",1990.63,1991.23,1988.33,1988.79,-0.0924
792,"29-Apr-2023, 02:00:00",1988.79,1989.71,1987.04,1989.07,0.0141
793,"29-Apr-2023, 03:00:00",1989.11,1989.94,1987.54,1989.66,0.0277
794,"29-Apr-2023, 04:00:00",1989.62,1989.71,1989.57,1989.66,0.002
795,"01-May-2023, 05:00:00",1991.14,1991.97,1988.14,1989.11,-0.102
796,"01-May-2023, 06:00:00",1989.16,1989.3,1986.25,1986.85,-0.1161
797,"01-May-2023, 07:00:00",1986.9,1987.41,1983.44,1983.9,-0.151
798,"01-May-2023, 08:00:00",1983.95,1985.01,1980.72,1981.78,-0.1094
799,"01-May-2023, 09:00:00",1981.78,1983.76,1981.13,1982.7,0.0464
800,"01-May-2023, 10:00:00",1982.56,1983.44,1980.26,1983.3,0.0373
801,"01-May-2023, 11:00:00",1983.21,1986.39,1982.15,1984.13,0.0464
802,"01-May-2023, 12:00:00",1984.13,1984.22,1979.75,1981.96,-0.1094
803,"01-May-2023, 13:00:00",1982.06,1982.06,1979.15,1979.84,-0.112
804,"01-May-2023, 14:00:00",1979.75,1981.41,1978.46,1980.99,0.0626
805,"01-May-2023, 15:00:00",1980.86,1981.32,1976.75,1977.31,-0.1792
806,"01-May-2023, 16:00:00",1977.21,1985.24,1976.75,1984.59,0.3733
807,"01-May-2023, 17:00:00",1984.5,1988.83,1984.04,1988.6,0.2066
808,"01-May-2023, 18:00:00",1988.51,1989.99,1986.57,1989.02,0.0256
809,"01-May-2023, 19:00:00",1988.93,2005.35,1987.82,2003.87,0.7512
810,"01-May-2023, 20:00:00",2003.92,2006.04,1996.95,1997.09,-0.3408
811,"01-May-2023, 21:00:00",1997.23,1997.27,1982.75,1984.27,-0.6489
812,"01-May-2023, 22:00:00",1984.36,1985.24,1980.26,1982.93,-0.0721
813,"01-May-2023, 23:00:00",1982.93,1984.13,1979.66,1981.55,-0.0696
814,"02-May-2023, 00:00:00",1981.59,1983.99,1979.52,1982.24,0.0328
815,"02-May-2023, 01:00:00",1982.24,1983.35,1980.26,1980.67,-0.0792
816,"02-May-2023, 02:00:00",1980.72,1981.69,1979.24,1979.75,-0.049
817,"02-May-2023, 03:00:00",1979.66,1982.7,1979.56,1981.96,0.1162
818,"02-May-2023, 04:00:00",1981.92,1982.42,1981.73,1982.06,0.0071
819,"02-May-2023, 05:00:00",1981.46,1983.35,1980.86,1982.65,0.0601
820,"02-May-2023, 06:00:00",1982.61,1982.89,1980.63,1981.32,-0.0651
821,"02-May-2023, 07:00:00",1981.32,1983.67,1980.95,1982.15,0.0419
822,"02-May-2023, 08:00:00",1982.1,1985.24,1981.55,1983.16,0.0535
823,"02-May-2023, 09:00:00",1983.16,1983.3,1981.04,1982.7,-0.0232
824,"02-May-2023, 10:00:00",1982.75,1982.93,1980.95,1982.06,-0.0348
825,"02-May-2023, 11:00:00",1982.06,1982.98,1980.95,1982.15,0.0045
826,"02-May-2023, 12:00:00",1982.1,1984.36,1981.04,1982.75,0.0328
827,"02-May-2023, 13:00:00",1982.75,1985.65,1981.92,1984.64,0.0953
828,"02-May-2023, 14:00:00",1984.68,1985.74,1980.12,1981.36,-0.1673
829,"02-May-2023, 15:00:00",1981.32,1982.29,1978.14,1981.23,-0.0045
830,"02-May-2023, 16:00:00",1981.23,1986.39,1980.12,1984.08,0.1439
831,"02-May-2023, 17:00:00",1984.04,1988.47,1982.93,1988.19,0.2092
832,"02-May-2023, 18:00:00",1988.19,1990.17,1985.42,1986.39,-0.0905
833,"02-May-2023, 19:00:00",1986.34,1987.91,1984.96,1985.61,-0.0368
834,"02-May-2023, 20:00:00",1985.61,1989.57,1984.13,1986.94,0.067
835,"02-May-2023, 21:00:00",1986.99,2012.95,1986.9,2008.3,1.0725
836,"02-May-2023, 22:00:00",2008.39,2015.58,2006.73,2014.43,0.3007
837,"02-May-2023, 23:00:00",2014.38,2019.41,2013.14,2015.08,0.0348
838,"03-May-2023, 00:00:00",2015.08,2017.01,2011.16,2012.26,-0.1399
839,"03-May-2023, 01:00:00",2012.26,2015.72,2010.83,2014.29,0.1009
840,"03-May-2023, 02:00:00",2014.25,2018.4,2013.83,2018.17,0.1946
841,"03-May-2023, 03:00:00",2018.35,2018.35,2015.45,2015.95,-0.1189
842,"03-May-2023, 04:00:00",2015.95,2016.41,2015.45,2016.41,0.0228
843,"03-May-2023, 05:00:00",2016.64,2017.24,2014.66,2015.63,-0.0501
844,"03-May-2023, 06:00:00",2015.63,2016.46,2015.26,2015.95,0.0159
845,"03-May-2023, 07:00:00",2015.91,2016.97,2013.97,2016.28,0.0184
846,"03-May-2023, 08:00:00",2016.23,2017.94,2015.35,2016.87,0.0317
847,"03-May-2023, 09:00:00",2016.83,2018.81,2016.14,2017.11,0.0139
848,"03-May-2023, 10:00:00",2017.01,2018.72,2016.64,2018.54,0.0759
849,"03-May-2023, 11:00:00",2018.54,2019.6,2015.45,2015.95,-0.1283
850,"03-May-2023, 12:00:00",2015.95,2016.6,2014.15,2014.85,-0.0546
851,"03-May-2023, 13:00:00",2014.85,2018.77,2013.97,2018.07,0.1598
