,time,open,high,low,close
0,"03-Jan-2022, 05:00:00",1827.1,1829.03,1827.1,1829.03
1,"03-Jan-2022, 06:00:00",1828.53,1831.57,1827.54,1827.98
2,"03-Jan-2022, 07:00:00",1828.2,1830.9,1826.66,1830.08
3,"03-Jan-2022, 08:00:00",1830.13,1831.57,1826.44,1828.7
4,"03-Jan-2022, 09:00:00",1828.64,1828.81,1824.67,1825.99
5,"03-Jan-2022, 10:00:00",1825.77,1826.82,1823.07,1825.61
6,"03-Jan-2022, 11:00:00",1825.55,1825.94,1823.68,1824.95
7,"03-Jan-2022, 12:00:00",1825.06,1825.72,1822.79,1825.28
8,"03-Jan-2022, 13:00:00",1825.0,1825.72,1822.79,1825.28
9,"03-Jan-2022, 14:00:00",1825.17,1825.39,1820.26,1824.06
10,"03-Jan-2022, 15:00:00",1824.12,1824.39,1820.26,1822.63
11,"03-Jan-2022, 16:00:00",1822.74,1826.66,1821.36,1826.38
12,"03-Jan-2022, 17:00:00",1826.1,1827.48,1824.56,1826.44
13,"03-Jan-2022, 18:00:00",1826.27,1827.04,1820.97,1822.79
14,"03-Jan-2022, 19:00:00",1822.85,1823.18,1820.2,1821.58
15,"03-Jan-2022, 20:00:00",1821.69,1821.97,1805.41,1806.96
16,"03-Jan-2022, 21:00:00",1806.96,1810.93,1802.16,1802.76
17,"03-Jan-2022, 22:00:00",1802.87,1806.68,1799.07,1801.61
18,"03-Jan-2022, 23:00:00",1801.88,1801.99,1797.36,1800.67
19,"04-Jan-2022, 00:00:00",1800.78,1801.0,1797.74,1799.56
20,"04-Jan-2022, 01:00:00",1799.56,1802.27,1797.96,1801.33
21,"04-Jan-2022, 02:00:00",1801.55,1803.04,1799.84,1801.77
22,"04-Jan-2022, 03:00:00",1801.66,1801.72,1801.55,1801.61
23,"04-Jan-2022, 04:00:00",1801.77,1802.32,1800.06,1801.05
24,"04-Jan-2022, 05:00:00",1801.16,1801.22,1801.05,1801.11
25,"04-Jan-2022, 06:00:00",1800.39,1804.36,1800.28,1804.2
26,"04-Jan-2022, 07:00:00",1804.09,1804.92,1801.83,1804.42
27,"04-Jan-2022, 08:00:00",1804.25,1806.9,1802.16,1804.86
28,"04-Jan-2022, 09:00:00",1805.14,1807.12,1803.87,1804.97
29,"04-Jan-2022, 10:00:00",1805.3,1806.24,1802.65,1804.14
30,"04-Jan-2022, 11:00:00",1804.09,1804.31,1802.05,1803.32
31,"04-Jan-2022, 12:00:00",1803.32,1805.52,1802.16,1805.41
32,"04-Jan-2022, 13:00:00",1805.41,1806.07,1802.54,1803.43
33,"04-Jan-2022, 14:00:00",1803.09,1807.4,1802.38,1805.69
34,"04-Jan-2022, 15:00:00",1805.74,1806.9,1802.27,1803.92
35,"04-Jan-2022, 16:00:00",1803.81,1806.74,1800.78,1805.69
36,"04-Jan-2022, 17:00:00",1805.58,1808.61,1804.36,1805.19
37,"04-Jan-2022, 18:00:00",1805.52,1805.69,1801.27,1804.03
38,"04-Jan-2022, 19:00:00",1803.98,1805.08,1798.29,1801.22
39,"04-Jan-2022, 20:00:00",1801.11,1807.34,1799.34,1807.23
40,"04-Jan-2022, 21:00:00",1807.12,1810.93,1805.36,1810.27
41,"04-Jan-2022, 22:00:00",1809.94,1816.72,1806.85,1814.63
42,"04-Jan-2022, 23:00:00",1814.52,1815.57,1810.43,1812.48
43,"05-Jan-2022, 00:00:00",1812.42,1815.07,1810.93,1813.58
44,"05-Jan-2022, 01:00:00",1813.41,1815.18,1812.59,1815.01
45,"05-Jan-2022, 02:00:00",1814.96,1815.23,1812.53,1814.35
46,"05-Jan-2022, 03:00:00",1814.3,1815.4,1812.42,1815.18
47,"05-Jan-2022, 04:00:00",1815.18,1815.34,1813.19,1814.02
48,"05-Jan-2022, 05:00:00",1814.3,1814.3,1813.52,1813.97
49,"05-Jan-2022, 06:00:00",1813.69,1814.85,1812.2,1813.91
50,"05-Jan-2022, 07:00:00",1813.74,1814.63,1811.54,1812.53
51,"05-Jan-2022, 08:00:00",1812.75,1815.4,1811.54,1815.23
52,"05-Jan-2022, 09:00:00",1815.01,1816.17,1813.03,1815.4
53,"05-Jan-2022, 10:00:00",1815.45,1815.51,1815.34,1815.4
54,"05-Jan-2022, 11:00:00",1815.29,1815.4,1813.41,1814.85
55,"05-Jan-2022, 12:00:00",1814.74,1816.23,1813.08,1815.73
56,"05-Jan-2022, 13:00:00",1815.73,1817.0,1811.81,1812.97
57,"05-Jan-2022, 14:00:00",1812.92,1815.68,1811.43,1813.41
58,"05-Jan-2022, 15:00:00",1813.3,1817.61,1812.31,1816.78
59,"05-Jan-2022, 16:00:00",1816.72,1820.09,1815.18,1817.72
60,"05-Jan-2022, 17:00:00",1817.66,1819.98,1816.67,1818.21
61,"05-Jan-2022, 18:00:00",1818.21,1820.75,1816.61,1818.66
62,"05-Jan-2022, 19:00:00",1818.54,1819.21,1815.79,1817.83
63,"05-Jan-2022, 20:00:00",1817.55,1827.81,1814.13,1825.44
64,"05-Jan-2022, 21:00:00",1825.28,1829.64,1824.28,1825.66
65,"05-Jan-2022, 22:00:00",1825.72,1826.6,1819.21,1823.07
66,"05-Jan-2022, 23:00:00",1823.18,1825.39,1821.25,1823.84
67,"06-Jan-2022, 00:00:00",1823.73,1825.61,1821.47,1822.3
68,"06-Jan-2022, 01:00:00",1822.74,1824.89,1821.25,1823.68
69,"06-Jan-2022, 02:00:00",1823.79,1824.34,1811.43,1812.81
70,"06-Jan-2022, 03:00:00",1812.86,1814.24,1807.34,1809.88
71,"06-Jan-2022, 04:00:00",1809.72,1810.88,1807.95,1810.05
72,"06-Jan-2022, 05:00:00",1810.05,1810.27,1809.11,1809.66
73,"06-Jan-2022, 06:00:00",1809.55,1812.2,1808.61,1810.27
74,"06-Jan-2022, 07:00:00",1810.16,1810.43,1806.85,1809.11
75,"06-Jan-2022, 08:00:00",1809.05,1811.54,1805.96,1810.1
76,"06-Jan-2022, 09:00:00",1810.1,1810.27,1807.23,1809.0
77,"06-Jan-2022, 10:00:00",1809.05,1809.39,1805.41,1805.69
78,"06-Jan-2022, 11:00:00",1806.96,1807.07,1804.36,1805.25
79,"06-Jan-2022, 12:00:00",1805.36,1807.51,1802.16,1802.98
80,"06-Jan-2022, 13:00:00",1802.98,1803.87,1798.85,1801.94
81,"06-Jan-2022, 14:00:00",1802.05,1803.65,1798.68,1800.61
82,"06-Jan-2022, 15:00:00",1800.89,1802.1,1793.88,1795.04
83,"06-Jan-2022, 16:00:00",1795.59,1796.53,1792.67,1794.76
84,"06-Jan-2022, 17:00:00",1794.76,1807.18,1792.67,1800.94
85,"06-Jan-2022, 18:00:00",1801.22,1801.77,1796.2,1797.36
86,"06-Jan-2022, 19:00:00",1797.47,1800.5,1791.12,1791.73
87,"06-Jan-2022, 20:00:00",1791.73,1793.33,1786.21,1788.47
88,"06-Jan-2022, 21:00:00",1788.14,1795.59,1786.32,1791.84
89,"06-Jan-2022, 22:00:00",1791.84,1795.43,1786.93,1790.74
90,"06-Jan-2022, 23:00:00",1790.62,1793.05,1788.2,1789.3
91,"07-Jan-2022, 00:00:00",1789.19,1793.55,1787.59,1790.68
92,"07-Jan-2022, 01:00:00",1790.9,1791.51,1786.6,1787.7
93,"07-Jan-2022, 02:00:00",1787.59,1789.69,1785.49,1788.03
94,"07-Jan-2022, 03:00:00",1787.92,1789.69,1786.6,1788.09
95,"07-Jan-2022, 04:00:00",1788.09,1791.29,1786.93,1790.79
96,"07-Jan-2022, 05:00:00",1790.9,1790.9,1789.02,1789.02
97,"07-Jan-2022, 06:00:00",1790.62,1791.73,1789.58,1791.4
98,"07-Jan-2022, 07:00:00",1791.34,1792.67,1790.51,1791.67
99,"07-Jan-2022, 08:00:00",1791.95,1792.39,1789.08,1790.62
100,"07-Jan-2022, 09:00:00",1790.57,1792.0,1788.8,1791.62
101,"07-Jan-2022, 10:00:00",1791.56,1793.27,1790.29,1792.5
102,"07-Jan-2022, 11:00:00",1792.72,1793.05,1790.9,1792.61
103,"07-Jan-2022, 12:00:00",1792.67,1792.94,1789.58,1790.62
104,"07-Jan-2022, 13:00:00",1790.68,1791.18,1787.7,1789.91
105,"07-Jan-2022, 14:00:00",1789.96,1792.06,1787.2,1789.74
106,"07-Jan-2022, 15:00:00",1789.74,1790.74,1786.82,1790.68
107,"07-Jan-2022, 16:00:00",1790.46,1793.94,1787.7,1793.11
108,"07-Jan-2022, 17:00:00",1793.05,1793.99,1790.07,1791.29
109,"07-Jan-2022, 18:00:00",1791.18,1793.77,1788.58,1793.33
110,"07-Jan-2022, 19:00:00",1793.33,1793.71,1788.58,1789.3
111,"07-Jan-2022, 20:00:00",1789.36,1796.2,1782.4,1789.08
112,"07-Jan-2022, 21:00:00",1789.19,1794.76,1788.09,1791.01
113,"07-Jan-2022, 22:00:00",1790.9,1793.71,1785.82,1789.19
114,"07-Jan-2022, 23:00:00",1789.08,1794.76,1788.09,1794.1
115,"08-Jan-2022, 00:00:00",1793.94,1796.8,1791.51,1795.87
116,"08-Jan-2022, 01:00:00",1795.81,1798.74,1794.27,1796.42
117,"08-Jan-2022, 02:00:00",1796.25,1797.8,1793.66,1796.8
118,"08-Jan-2022, 03:00:00",1796.75,1797.58,1793.27,1795.81
119,"08-Jan-2022, 04:00:00",1795.87,1797.19,1793.77,1795.98
120,"10-Jan-2022, 06:00:00",1794.49,1796.2,1793.38,1795.09
121,"10-Jan-2022, 07:00:00",1794.87,1795.2,1790.29,1794.32
122,"10-Jan-2022, 08:00:00",1794.21,1796.8,1792.17,1794.93
123,"10-Jan-2022, 09:00:00",1794.93,1796.25,1792.67,1794.05
124,"10-Jan-2022, 10:00:00",1794.38,1794.43,1790.62,1792.11
125,"10-Jan-2022, 11:00:00",1792.06,1793.38,1791.18,1792.5
126,"10-Jan-2022, 12:00:00",1792.34,1794.21,1790.29,1793.16
127,"10-Jan-2022, 13:00:00",1793.11,1793.77,1790.9,1792.83
128,"10-Jan-2022, 14:00:00",1793.05,1795.81,1790.68,1793.71
129,"10-Jan-2022, 15:00:00",1793.66,1796.53,1791.29,1796.42
130,"10-Jan-2022, 16:00:00",1796.36,1798.02,1795.26,1796.47
131,"10-Jan-2022, 17:00:00",1796.69,1800.72,1795.98,1799.34
132,"10-Jan-2022, 18:00:00",1799.56,1802.38,1797.74,1800.5
133,"10-Jan-2022, 19:00:00",1800.5,1801.49,1790.9,1791.84
134,"10-Jan-2022, 20:00:00",1791.73,1797.3,1790.62,1793.05
135,"10-Jan-2022, 21:00:00",1792.89,1796.42,1789.58,1794.27
136,"10-Jan-2022, 22:00:00",1794.1,1795.98,1790.4,1793.33
137,"10-Jan-2022, 23:00:00",1793.38,1796.09,1792.5,1793.88
138,"11-Jan-2022, 00:00:00",1793.83,1800.17,1792.28,1799.34
139,"11-Jan-2022, 01:00:00",1799.34,1801.55,1797.69,1799.95
140,"11-Jan-2022, 02:00:00",1800.17,1801.72,1798.85,1800.89
141,"11-Jan-2022, 03:00:00",1800.72,1801.61,1798.46,1801.0
142,"11-Jan-2022, 04:00:00",1800.83,1801.99,1799.78,1801.38
143,"11-Jan-2022, 05:00:00",1800.94,1801.38,1800.5,1800.5
144,"11-Jan-2022, 06:00:00",1800.56,1803.04,1799.29,1801.27
145,"11-Jan-2022, 07:00:00",1801.05,1804.7,1800.06,1802.76
146,"11-Jan-2022, 08:00:00",1802.71,1806.02,1801.27,1804.81
147,"11-Jan-2022, 09:00:00",1804.75,1806.41,1803.65,1805.25
148,"11-Jan-2022, 10:00:00",1805.19,1807.9,1803.87,1805.63
149,"11-Jan-2022, 11:00:00",1805.8,1806.79,1804.36,1806.68
150,"11-Jan-2022, 12:00:00",1806.63,1808.72,1804.86,1808.45
151,"11-Jan-2022, 13:00:00",1808.5,1809.88,1806.13,1808.06
152,"11-Jan-2022, 14:00:00",1808.12,1809.83,1806.46,1809.05
153,"11-Jan-2022, 15:00:00",1809.16,1810.1,1807.23,1808.72
154,"11-Jan-2022, 16:00:00",1808.78,1810.27,1804.92,1806.79
155,"11-Jan-2022, 17:00:00",1806.85,1807.73,1803.65,1805.96
156,"11-Jan-2022, 18:00:00",1806.02,1807.56,1803.37,1806.57
157,"11-Jan-2022, 19:00:00",1806.35,1808.17,1804.36,1807.51
158,"11-Jan-2022, 20:00:00",1807.51,1809.05,1803.76,1805.52
159,"11-Jan-2022, 21:00:00",1805.52,1807.34,1800.94,1805.91
160,"11-Jan-2022, 22:00:00",1805.8,1812.2,1804.64,1811.54
161,"11-Jan-2022, 23:00:00",1811.48,1816.83,1809.72,1815.18
162,"12-Jan-2022, 00:00:00",1815.23,1817.83,1812.81,1817.39
163,"12-Jan-2022, 01:00:00",1817.5,1820.15,1816.17,1819.92
164,"12-Jan-2022, 02:00:00",1819.81,1821.19,1817.99,1820.86
165,"12-Jan-2022, 03:00:00",1820.81,1823.29,1819.26,1822.96
166,"12-Jan-2022, 04:00:00",1822.9,1823.07,1820.26,1821.08
167,"12-Jan-2022, 05:00:00",1821.14,1821.75,1820.7,1821.75
168,"12-Jan-2022, 06:00:00",1820.75,1821.75,1818.99,1820.31
169,"12-Jan-2022, 07:00:00",1820.48,1822.52,1819.1,1820.81
170,"12-Jan-2022, 08:00:00",1820.81,1822.19,1817.61,1818.93
171,"12-Jan-2022, 09:00:00",1818.93,1820.37,1817.72,1819.43
172,"12-Jan-2022, 10:00:00",1819.43,1819.81,1817.0,1817.94
173,"12-Jan-2022, 11:00:00",1818.1,1818.21,1818.05,1818.16
174,"12-Jan-2022, 12:00:00",1818.1,1821.52,1816.89,1820.42
175,"12-Jan-2022, 13:00:00",1820.37,1821.36,1818.49,1819.65
176,"12-Jan-2022, 14:00:00",1820.03,1820.42,1814.9,1817.06
177,"12-Jan-2022, 15:00:00",1816.72,1818.27,1813.8,1816.83
178,"12-Jan-2022, 16:00:00",1816.72,1817.11,1813.8,1816.17
179,"12-Jan-2022, 17:00:00",1816.12,1818.16,1815.18,1817.44
180,"12-Jan-2022, 18:00:00",1817.28,1818.49,1815.12,1817.0
181,"12-Jan-2022, 19:00:00",1817.0,1819.43,1815.29,1819.37
182,"12-Jan-2022, 20:00:00",1819.32,1825.39,1816.67,1821.19
183,"12-Jan-2022, 21:00:00",1821.08,1824.45,1818.49,1821.75
184,"12-Jan-2022, 22:00:00",1821.8,1824.67,1820.2,1823.73
185,"12-Jan-2022, 23:00:00",1823.57,1824.84,1819.1,1824.72
186,"13-Jan-2022, 00:00:00",1824.67,1826.99,1822.68,1826.1
187,"13-Jan-2022, 01:00:00",1825.83,1827.87,1824.56,1825.99
188,"13-Jan-2022, 02:00:00",1825.83,1827.98,1824.56,1827.87
189,"13-Jan-2022, 03:00:00",1827.76,1828.04,1824.67,1827.26
190,"13-Jan-2022, 04:00:00",1827.32,1827.43,1824.28,1825.88
191,"13-Jan-2022, 05:00:00",1825.77,1826.05,1825.06,1825.61
192,"13-Jan-2022, 06:00:00",1825.39,1826.21,1823.57,1825.17
193,"13-Jan-2022, 07:00:00",1825.11,1825.88,1822.96,1824.06
194,"13-Jan-2022, 08:00:00",1823.9,1826.6,1823.35,1825.39
195,"13-Jan-2022, 09:00:00",1825.28,1825.61,1822.79,1824.23
196,"13-Jan-2022, 10:00:00",1824.17,1825.44,1823.18,1825.11
197,"13-Jan-2022, 11:00:00",1824.95,1826.55,1823.95,1825.99
198,"13-Jan-2022, 12:00:00",1825.94,1828.09,1824.67,1825.77
199,"13-Jan-2022, 13:00:00",1825.83,1826.82,1823.18,1825.0
200,"13-Jan-2022, 14:00:00",1825.0,1827.1,1822.85,1826.49
201,"13-Jan-2022, 15:00:00",1826.6,1827.54,1819.48,1820.92
202,"13-Jan-2022, 16:00:00",1820.53,1822.85,1817.88,1822.68
203,"13-Jan-2022, 17:00:00",1822.68,1824.01,1820.7,1822.52
204,"13-Jan-2022, 18:00:00",1822.41,1824.12,1820.86,1823.46
205,"13-Jan-2022, 19:00:00",1823.4,1825.94,1822.08,1824.23
206,"13-Jan-2022, 20:00:00",1824.23,1825.39,1818.6,1821.86
207,"13-Jan-2022, 21:00:00",1821.86,1823.73,1817.0,1818.49
208,"13-Jan-2022, 22:00:00",1818.49,1820.7,1813.03,1814.52
209,"13-Jan-2022, 23:00:00",1814.46,1819.21,1811.21,1819.1
210,"14-Jan-2022, 00:00:00",1818.93,1821.41,1817.39,1820.53
211,"14-Jan-2022, 01:00:00",1820.59,1821.97,1818.49,1820.31
212,"14-Jan-2022, 02:00:00",1820.42,1821.75,1819.1,1820.92
213,"14-Jan-2022, 03:00:00",1820.86,1822.35,1819.59,1821.8
214,"14-Jan-2022, 04:00:00",1821.69,1822.85,1820.26,1822.35
215,"14-Jan-2022, 05:00:00",1821.91,1822.52,1821.52,1822.19
216,"14-Jan-2022, 06:00:00",1821.97,1822.41,1819.7,1820.64
217,"14-Jan-2022, 07:00:00",1820.64,1821.97,1818.38,1820.86
218,"14-Jan-2022, 08:00:00",1820.64,1824.56,1819.1,1822.35
219,"14-Jan-2022, 09:00:00",1822.35,1825.55,1821.47,1825.11
220,"14-Jan-2022, 10:00:00",1825.06,1827.26,1823.84,1825.99
221,"14-Jan-2022, 11:00:00",1825.99,1827.21,1824.56,1825.88
222,"14-Jan-2022, 12:00:00",1825.77,1828.04,1824.56,1827.7
223,"14-Jan-2022, 13:00:00",1827.59,1827.81,1825.39,1826.66
224,"14-Jan-2022, 14:00:00",1826.88,1828.04,1824.67,1826.6
225,"14-Jan-2022, 15:00:00",1826.55,1829.08,1823.46,1824.23
226,"14-Jan-2022, 16:00:00",1824.34,1824.5,1820.75,1823.4
227,"14-Jan-2022, 17:00:00",1823.4,1824.28,1820.75,1823.62
228,"14-Jan-2022, 18:00:00",1823.46,1823.73,1818.77,1822.35
229,"14-Jan-2022, 19:00:00",1822.3,1823.84,1818.77,1820.75
230,"14-Jan-2022, 20:00:00",1820.86,1827.65,1819.1,1825.39
231,"14-Jan-2022, 21:00:00",1825.28,1826.71,1818.38,1824.56
232,"14-Jan-2022, 22:00:00",1824.56,1825.88,1819.7,1820.97
233,"14-Jan-2022, 23:00:00",1820.92,1821.91,1816.61,1818.38
234,"15-Jan-2022, 00:00:00",1818.43,1819.26,1814.41,1815.79
235,"15-Jan-2022, 01:00:00",1815.79,1817.55,1813.58,1817.17
236,"15-Jan-2022, 02:00:00",1816.94,1818.99,1815.51,1818.21
237,"15-Jan-2022, 03:00:00",1818.1,1818.93,1815.51,1816.34
238,"15-Jan-2022, 04:00:00",1816.23,1817.94,1815.4,1817.88
239,"17-Jan-2022, 05:00:00",1817.28,1817.45,1817.28,1817.45
240,"17-Jan-2022, 06:00:00",1817.53,1819.4,1815.01,1816.39
241,"17-Jan-2022, 07:00:00",1816.39,1816.8,1813.63,1815.5
242,"17-Jan-2022, 08:00:00",1815.17,1816.63,1812.09,1816.15
243,"17-Jan-2022, 09:00:00",1815.74,1818.58,1815.17,1818.18
244,"17-Jan-2022, 10:00:00",1818.1,1819.56,1816.8,1818.91
245,"17-Jan-2022, 11:00:00",1818.83,1820.37,1817.77,1819.48
246,"17-Jan-2022, 12:00:00",1819.23,1820.61,1817.28,1819.56
247,"17-Jan-2022, 13:00:00",1819.48,1820.53,1817.85,1819.64
248,"17-Jan-2022, 14:00:00",1819.4,1822.4,1817.69,1822.0
249,"17-Jan-2022, 15:00:00",1821.83,1823.21,1820.29,1822.32
250,"17-Jan-2022, 16:00:00",1822.32,1822.97,1819.64,1821.51
251,"17-Jan-2022, 17:00:00",1821.51,1822.0,1818.75,1820.7
252,"17-Jan-2022, 18:00:00",1820.7,1821.91,1818.99,1821.35
253,"17-Jan-2022, 19:00:00",1821.26,1821.43,1818.26,1819.8
254,"17-Jan-2022, 20:00:00",1819.64,1821.43,1818.18,1820.94
255,"17-Jan-2022, 21:00:00",1820.86,1821.59,1818.66,1820.13
256,"17-Jan-2022, 22:00:00",1820.05,1820.21,1816.72,1818.83
257,"17-Jan-2022, 23:00:00",1818.66,1819.4,1817.37,1819.07
258,"18-Jan-2022, 00:00:00",1819.23,1819.4,1819.15,1819.31
259,"18-Jan-2022, 01:00:00",1819.23,1819.64,1817.61,1817.85
260,"18-Jan-2022, 02:00:00",1818.18,1819.64,1817.37,1818.58
261,"18-Jan-2022, 03:00:00",1818.5,1818.66,1818.42,1818.58
262,"18-Jan-2022, 04:00:00",1818.5,1818.66,1818.42,1818.58
263,"18-Jan-2022, 05:00:00",1818.18,1818.34,1818.18,1818.34
264,"18-Jan-2022, 06:00:00",1818.01,1819.48,1817.28,1818.99
265,"18-Jan-2022, 07:00:00",1819.07,1820.37,1817.61,1820.21
266,"18-Jan-2022, 08:00:00",1820.05,1822.4,1818.18,1822.16
267,"18-Jan-2022, 09:00:00",1822.16,1822.4,1819.88,1821.67
268,"18-Jan-2022, 10:00:00",1821.83,1822.81,1814.52,1816.31
269,"18-Jan-2022, 11:00:00",1816.23,1818.01,1815.17,1817.93
270,"18-Jan-2022, 12:00:00",1817.85,1818.34,1814.68,1816.15
271,"18-Jan-2022, 13:00:00",1816.15,1817.93,1814.52,1817.69
272,"18-Jan-2022, 14:00:00",1817.53,1818.01,1812.73,1816.23
273,"18-Jan-2022, 15:00:00",1816.15,1817.28,1811.11,1812.0
274,"18-Jan-2022, 16:00:00",1812.17,1813.47,1808.35,1810.46
275,"18-Jan-2022, 17:00:00",1810.46,1811.35,1808.43,1810.05
276,"18-Jan-2022, 18:00:00",1809.97,1814.44,1809.0,1813.06
277,"18-Jan-2022, 19:00:00",1813.14,1816.31,1811.6,1815.09
278,"18-Jan-2022, 20:00:00",1814.6,1819.96,1805.18,1819.64
279,"18-Jan-2022, 21:00:00",1819.56,1820.05,1811.11,1818.18
280,"18-Jan-2022, 22:00:00",1818.26,1820.21,1812.82,1819.96
281,"18-Jan-2022, 23:00:00",1819.88,1820.21,1809.73,1815.01
282,"19-Jan-2022, 00:00:00",1814.93,1815.42,1810.05,1811.76
283,"19-Jan-2022, 01:00:00",1812.17,1813.95,1809.65,1813.63
284,"19-Jan-2022, 02:00:00",1813.38,1815.98,1812.57,1814.12
285,"19-Jan-2022, 03:00:00",1814.03,1815.42,1812.33,1813.71
286,"19-Jan-2022, 04:00:00",1813.79,1814.77,1812.0,1813.3
287,"19-Jan-2022, 05:00:00",1813.38,1813.95,1812.73,1812.73
288,"19-Jan-2022, 06:00:00",1812.65,1815.17,1811.52,1814.36
289,"19-Jan-2022, 07:00:00",1814.28,1814.6,1811.6,1813.14
290,"19-Jan-2022, 08:00:00",1813.38,1814.36,1811.44,1812.33
291,"19-Jan-2022, 09:00:00",1812.33,1813.63,1810.05,1811.76
292,"19-Jan-2022, 10:00:00",1811.68,1811.76,1811.52,1811.6
293,"19-Jan-2022, 11:00:00",1811.76,1812.57,1810.22,1811.92
294,"19-Jan-2022, 12:00:00",1811.76,1814.28,1810.7,1813.55
295,"19-Jan-2022, 13:00:00",1813.3,1814.85,1812.09,1814.28
296,"19-Jan-2022, 14:00:00",1814.36,1815.33,1810.46,1811.52
297,"19-Jan-2022, 15:00:00",1811.44,1816.15,1810.3,1814.68
298,"19-Jan-2022, 16:00:00",1814.68,1817.37,1813.38,1816.96
299,"19-Jan-2022, 17:00:00",1816.8,1819.48,1815.09,1818.75
300,"19-Jan-2022, 18:00:00",1818.66,1820.05,1816.07,1817.37
301,"19-Jan-2022, 19:00:00",1817.2,1819.15,1815.82,1817.77
302,"19-Jan-2022, 20:00:00",1817.69,1825.57,1817.45,1823.94
303,"19-Jan-2022, 21:00:00",1823.94,1828.49,1822.08,1826.95
304,"19-Jan-2022, 22:00:00",1827.03,1838.65,1825.33,1838.16
305,"19-Jan-2022, 23:00:00",1838.0,1841.17,1836.54,1840.03
306,"20-Jan-2022, 00:00:00",1839.87,1842.55,1838.57,1840.27
307,"20-Jan-2022, 01:00:00",1840.19,1842.79,1838.73,1841.73
308,"20-Jan-2022, 02:00:00",1841.57,1843.2,1839.7,1842.63
309,"20-Jan-2022, 03:00:00",1842.55,1843.28,1840.35,1842.3
310,"20-Jan-2022, 04:00:00",1842.38,1842.55,1838.89,1840.03
311,"20-Jan-2022, 05:00:00",1839.87,1840.27,1839.14,1839.14
312,"20-Jan-2022, 06:00:00",1840.43,1840.52,1837.02,1838.24
313,"20-Jan-2022, 07:00:00",1838.32,1841.33,1837.02,1841.08
314,"20-Jan-2022, 08:00:00",1840.92,1844.01,1838.81,1841.17
315,"20-Jan-2022, 09:00:00",1841.25,1842.63,1838.0,1839.87
316,"20-Jan-2022, 10:00:00",1839.87,1841.49,1838.4,1839.46
317,"20-Jan-2022, 11:00:00",1839.46,1840.35,1837.67,1839.7
318,"20-Jan-2022, 12:00:00",1839.79,1840.03,1837.27,1838.97
319,"20-Jan-2022, 13:00:00",1838.73,1840.6,1837.35,1840.35
320,"20-Jan-2022, 14:00:00",1840.27,1841.08,1837.75,1838.57
321,"20-Jan-2022, 15:00:00",1838.81,1842.06,1837.1,1839.79
322,"20-Jan-2022, 16:00:00",1839.87,1841.25,1836.21,1838.32
323,"20-Jan-2022, 17:00:00",1838.24,1839.54,1835.56,1836.94
324,"20-Jan-2022, 18:00:00",1836.7,1839.54,1835.48,1839.3
325,"20-Jan-2022, 19:00:00",1838.08,1840.52,1835.24,1840.35
326,"20-Jan-2022, 20:00:00",1840.19,1846.85,1837.84,1846.28
327,"20-Jan-2022, 21:00:00",1846.28,1846.93,1841.49,1845.88
328,"20-Jan-2022, 22:00:00",1845.88,1847.83,1842.38,1846.69
329,"20-Jan-2022, 23:00:00",1846.61,1846.77,1837.51,1841.57
330,"21-Jan-2022, 00:00:00",1841.49,1843.68,1840.52,1842.22
331,"21-Jan-2022, 01:00:00",1842.3,1842.47,1839.54,1841.25
332,"21-Jan-2022, 02:00:00",1841.33,1841.57,1838.24,1839.95
333,"21-Jan-2022, 03:00:00",1839.87,1840.43,1836.13,1837.75
334,"21-Jan-2022, 04:00:00",1837.92,1839.62,1836.86,1838.97
335,"21-Jan-2022, 05:00:00",1838.57,1839.05,1838.32,1838.73
336,"21-Jan-2022, 06:00:00",1838.57,1838.65,1838.4,1838.49
337,"21-Jan-2022, 07:00:00",1838.89,1839.3,1836.45,1838.4
338,"21-Jan-2022, 08:00:00",1838.4,1838.97,1835.07,1838.24
339,"21-Jan-2022, 09:00:00",1838.08,1841.49,1836.54,1841.08
340,"21-Jan-2022, 10:00:00",1841.08,1841.9,1839.46,1840.6
341,"21-Jan-2022, 11:00:00",1840.52,1841.82,1839.14,1841.33
342,"21-Jan-2022, 12:00:00",1840.92,1841.98,1838.73,1841.33
343,"21-Jan-2022, 13:00:00",1841.17,1841.33,1838.57,1840.19
344,"21-Jan-2022, 14:00:00",1840.19,1842.71,1836.21,1837.84
345,"21-Jan-2022, 15:00:00",1837.92,1838.97,1828.17,1831.5
346,"21-Jan-2022, 16:00:00",1831.5,1834.26,1829.31,1834.02
347,"21-Jan-2022, 17:00:00",1833.94,1835.64,1832.31,1833.69
348,"21-Jan-2022, 18:00:00",1833.77,1834.67,1831.58,1831.82
349,"21-Jan-2022, 19:00:00",1831.74,1836.37,1830.2,1835.15
350,"21-Jan-2022, 20:00:00",1834.91,1841.9,1833.77,1841.25
351,"21-Jan-2022, 21:00:00",1841.08,1843.12,1839.05,1840.6
352,"21-Jan-2022, 22:00:00",1840.6,1840.76,1831.01,1834.34
353,"21-Jan-2022, 23:00:00",1834.34,1835.07,1830.12,1834.83
354,"22-Jan-2022, 00:00:00",1834.83,1835.07,1830.28,1832.56
355,"22-Jan-2022, 01:00:00",1832.64,1832.8,1829.06,1831.91
356,"22-Jan-2022, 02:00:00",1831.99,1832.56,1829.47,1831.5
357,"22-Jan-2022, 03:00:00",1831.5,1831.99,1827.44,1831.99
358,"22-Jan-2022, 04:00:00",1831.66,1835.07,1829.63,1834.34
359,"24-Jan-2022, 05:00:00",1834.26,1834.42,1834.26,1834.42
360,"24-Jan-2022, 06:00:00",1834.42,1837.02,1831.17,1834.59
361,"24-Jan-2022, 07:00:00",1834.59,1834.91,1831.74,1832.96
362,"24-Jan-2022, 08:00:00",1832.96,1836.29,1831.26,1836.13
363,"24-Jan-2022, 09:00:00",1836.05,1837.35,1834.1,1836.45
364,"24-Jan-2022, 10:00:00",1836.54,1837.35,1834.34,1836.37
365,"24-Jan-2022, 11:00:00",1836.21,1837.92,1835.07,1837.75
366,"24-Jan-2022, 12:00:00",1837.59,1839.54,1835.56,1838.65
367,"24-Jan-2022, 13:00:00",1838.65,1839.3,1835.64,1837.35
368,"24-Jan-2022, 14:00:00",1837.43,1839.38,1835.24,1837.84
369,"24-Jan-2022, 15:00:00",1837.84,1841.65,1836.86,1840.35
370,"24-Jan-2022, 16:00:00",1840.27,1844.25,1839.54,1841.08
371,"24-Jan-2022, 17:00:00",1841.08,1842.06,1836.45,1839.7
372,"24-Jan-2022, 18:00:00",1839.79,1840.35,1835.97,1838.08
373,"24-Jan-2022, 19:00:00",1837.92,1840.84,1835.32,1838.16
374,"24-Jan-2022, 20:00:00",1838.4,1842.87,1833.37,1835.15
375,"24-Jan-2022, 21:00:00",1835.24,1841.08,1831.91,1833.94
376,"24-Jan-2022, 22:00:00",1833.94,1835.97,1828.41,1834.34
377,"24-Jan-2022, 23:00:00",1834.18,1835.32,1831.26,1834.91
378,"25-Jan-2022, 00:00:00",1834.75,1838.57,1832.39,1838.4
379,"25-Jan-2022, 01:00:00",1838.16,1842.95,1836.78,1841.08
380,"25-Jan-2022, 02:00:00",1840.68,1842.47,1837.35,1838.49
381,"25-Jan-2022, 03:00:00",1838.32,1842.3,1836.54,1841.25
382,"25-Jan-2022, 04:00:00",1841.17,1844.01,1840.35,1842.47
383,"25-Jan-2022, 05:00:00",1842.14,1842.87,1841.82,1842.38
384,"25-Jan-2022, 06:00:00",1842.3,1843.52,1840.84,1843.44
385,"25-Jan-2022, 07:00:00",1843.28,1843.52,1840.84,1842.06
386,"25-Jan-2022, 08:00:00",1842.06,1843.12,1838.89,1839.87
387,"25-Jan-2022, 09:00:00",1839.87,1841.08,1838.16,1840.03
388,"25-Jan-2022, 10:00:00",1840.03,1842.14,1838.81,1842.14
389,"25-Jan-2022, 11:00:00",1841.98,1842.95,1840.6,1841.82
390,"25-Jan-2022, 12:00:00",1841.82,1842.87,1840.03,1841.41
391,"25-Jan-2022, 13:00:00",1841.57,1842.63,1839.54,1841.25
392,"25-Jan-2022, 14:00:00",1841.25,1843.2,1839.14,1840.6
393,"25-Jan-2022, 15:00:00",1840.35,1843.12,1837.51,1838.57
394,"25-Jan-2022, 16:00:00",1838.49,1839.22,1835.72,1837.75
395,"25-Jan-2022, 17:00:00",1837.92,1838.89,1833.86,1837.51
396,"25-Jan-2022, 18:00:00",1837.67,1839.54,1836.05,1837.43
397,"25-Jan-2022, 19:00:00",1837.43,1840.35,1836.45,1839.79
398,"25-Jan-2022, 20:00:00",1839.62,1843.03,1836.86,1842.38
399,"25-Jan-2022, 21:00:00",1842.38,1852.7,1838.0,1850.02
400,"25-Jan-2022, 22:00:00",1850.02,1851.16,1839.79,1846.61
401,"25-Jan-2022, 23:00:00",1846.69,1849.61,1844.09,1849.29
402,"26-Jan-2022, 00:00:00",1849.21,1850.26,1846.45,1849.53
403,"26-Jan-2022, 01:00:00",1849.53,1852.46,1848.88,1852.05
404,"26-Jan-2022, 02:00:00",1851.89,1853.68,1850.26,1851.56
405,"26-Jan-2022, 03:00:00",1851.56,1851.81,1845.88,1847.1
406,"26-Jan-2022, 04:00:00",1847.18,1848.07,1845.96,1847.91
407,"26-Jan-2022, 05:00:00",1847.75,1847.83,1847.58,1847.66
408,"26-Jan-2022, 06:00:00",1847.42,1849.94,1846.45,1849.29
409,"26-Jan-2022, 07:00:00",1849.21,1849.45,1847.1,1848.15
410,"26-Jan-2022, 08:00:00",1848.31,1848.48,1845.31,1847.66
411,"26-Jan-2022, 09:00:00",1847.58,1848.8,1845.88,1847.34
412,"26-Jan-2022, 10:00:00",1847.34,1848.07,1845.31,1846.85
413,"26-Jan-2022, 11:00:00",1846.85,1847.5,1845.31,1847.26
414,"26-Jan-2022, 12:00:00",1847.1,1848.15,1845.55,1847.34
415,"26-Jan-2022, 13:00:00",1847.42,1848.56,1845.15,1846.2
416,"26-Jan-2022, 14:00:00",1846.28,1847.1,1842.47,1843.77
417,"26-Jan-2022, 15:00:00",1843.68,1846.12,1842.63,1845.39
418,"26-Jan-2022, 16:00:00",1844.9,1847.58,1843.2,1846.77
419,"26-Jan-2022, 17:00:00",1846.61,1847.5,1844.09,1846.77
420,"26-Jan-2022, 18:00:00",1846.61,1847.26,1841.57,1842.87
421,"26-Jan-2022, 19:00:00",1842.87,1847.1,1841.33,1846.53
422,"26-Jan-2022, 20:00:00",1846.69,1847.91,1841.82,1843.77
423,"26-Jan-2022, 21:00:00",1843.93,1844.09,1830.36,1835.89
424,"26-Jan-2022, 22:00:00",1835.97,1838.57,1831.01,1833.94
425,"26-Jan-2022, 23:00:00",1834.1,1834.42,1830.36,1831.42
426,"27-Jan-2022, 00:00:00",1831.66,1832.72,1827.76,1830.04
427,"27-Jan-2022, 01:00:00",1830.12,1831.82,1828.09,1828.98
428,"27-Jan-2022, 02:00:00",1828.9,1833.29,1815.25,1819.31
429,"27-Jan-2022, 03:00:00",1819.4,1820.7,1814.68,1817.53
430,"27-Jan-2022, 04:00:00",1817.53,1819.88,1815.5,1819.64
431,"27-Jan-2022, 05:00:00",1818.75,1819.48,1818.75,1818.99
432,"27-Jan-2022, 06:00:00",1818.99,1822.16,1818.34,1822.0
433,"27-Jan-2022, 07:00:00",1821.91,1822.0,1817.69,1820.61
434,"27-Jan-2022, 08:00:00",1820.61,1821.02,1814.36,1815.74
435,"27-Jan-2022, 09:00:00",1815.66,1818.1,1812.0,1816.15
436,"27-Jan-2022, 10:00:00",1816.47,1817.37,1814.03,1815.98
437,"27-Jan-2022, 11:00:00",1816.07,1816.63,1813.79,1815.82
438,"27-Jan-2022, 12:00:00",1815.74,1816.55,1811.6,1812.73
439,"27-Jan-2022, 13:00:00",1812.82,1813.55,1809.0,1810.7
440,"27-Jan-2022, 14:00:00",1810.7,1816.07,1809.4,1810.95
441,"27-Jan-2022, 15:00:00",1810.87,1814.85,1808.67,1814.52
442,"27-Jan-2022, 16:00:00",1814.36,1816.8,1812.73,1816.07
443,"27-Jan-2022, 17:00:00",1815.98,1816.96,1810.22,1811.68
444,"27-Jan-2022, 18:00:00",1811.68,1811.92,1806.97,1811.27
445,"27-Jan-2022, 19:00:00",1811.35,1813.79,1805.59,1807.13
446,"27-Jan-2022, 20:00:00",1807.13,1809.57,1797.38,1799.82
447,"27-Jan-2022, 21:00:00",1799.98,1810.62,1797.38,1805.67
448,"27-Jan-2022, 22:00:00",1805.67,1807.78,1794.7,1796.49
449,"27-Jan-2022, 23:00:00",1796.57,1798.76,1790.88,1793.32
450,"28-Jan-2022, 00:00:00",1793.48,1795.92,1790.8,1792.59
451,"28-Jan-2022, 01:00:00",1792.51,1795.92,1790.96,1794.46
452,"28-Jan-2022, 02:00:00",1794.46,1796.49,1792.26,1793.0
453,"28-Jan-2022, 03:00:00",1793.0,1796.0,1791.45,1795.11
454,"28-Jan-2022, 04:00:00",1794.95,1797.71,1793.81,1797.3
455,"28-Jan-2022, 05:00:00",1797.3,1797.54,1796.49,1796.49
456,"28-Jan-2022, 06:00:00",1796.41,1799.01,1795.76,1797.14
457,"28-Jan-2022, 07:00:00",1797.54,1797.54,1794.21,1797.22
458,"28-Jan-2022, 08:00:00",1796.98,1799.49,1795.27,1798.84
459,"28-Jan-2022, 09:00:00",1798.84,1798.93,1798.68,1798.76
460,"28-Jan-2022, 10:00:00",1798.68,1799.58,1797.54,1799.33
461,"28-Jan-2022, 11:00:00",1799.17,1799.58,1797.06,1797.46
462,"28-Jan-2022, 12:00:00",1798.68,1799.09,1796.33,1797.54
463,"28-Jan-2022, 13:00:00",1797.71,1798.93,1795.92,1797.38
464,"28-Jan-2022, 14:00:00",1797.3,1798.03,1794.86,1796.08
465,"28-Jan-2022, 15:00:00",1796.16,1796.16,1791.05,1792.43
466,"28-Jan-2022, 16:00:00",1792.33,1792.99,1789.24,1791.3
467,"28-Jan-2022, 17:00:00",1791.37,1791.74,1785.19,1787.1
468,"28-Jan-2022, 18:00:00",1787.03,1787.55,1779.31,1785.56
469,"28-Jan-2022, 19:00:00",1785.41,1790.64,1783.94,1785.93
470,"28-Jan-2022, 20:00:00",1785.71,1792.62,1783.35,1786.37
471,"28-Jan-2022, 21:00:00",1786.3,1789.61,1780.04,1786.59
472,"28-Jan-2022, 22:00:00",1786.44,1792.99,1781.0,1782.69
473,"28-Jan-2022, 23:00:00",1782.62,1786.44,1781.0,1785.19
474,"29-Jan-2022, 00:00:00",1785.27,1785.78,1780.71,1783.94
475,"29-Jan-2022, 01:00:00",1783.87,1788.35,1783.06,1786.66
476,"29-Jan-2022, 02:00:00",1786.44,1787.18,1783.13,1786.96
477,"29-Jan-2022, 03:00:00",1786.88,1789.53,1785.71,1788.8
478,"29-Jan-2022, 04:00:00",1788.8,1792.18,1787.4,1791.15
479,"31-Jan-2022, 05:00:00",1791.22,1791.52,1791.22,1791.52
480,"31-Jan-2022, 06:00:00",1791.15,1791.96,1787.55,1789.38
481,"31-Jan-2022, 07:00:00",1789.46,1789.97,1786.0,1787.03
482,"31-Jan-2022, 08:00:00",1787.18,1790.34,1785.34,1790.27
483,"31-Jan-2022, 09:00:00",1790.19,1790.27,1786.59,1788.5
484,"31-Jan-2022, 10:00:00",1788.58,1788.72,1785.49,1786.88
485,"31-Jan-2022, 11:00:00",1786.96,1787.47,1784.46,1787.25
486,"31-Jan-2022, 12:00:00",1787.03,1789.38,1785.41,1789.24
487,"31-Jan-2022, 13:00:00",1789.16,1789.31,1787.03,1788.35
488,"31-Jan-2022, 14:00:00",1788.28,1789.24,1784.9,1788.94
489,"31-Jan-2022, 15:00:00",1788.72,1792.47,1786.44,1790.49
490,"31-Jan-2022, 16:00:00",1790.49,1792.47,1788.13,1789.38
491,"31-Jan-2022, 17:00:00",1789.31,1792.11,1787.4,1791.89
492,"31-Jan-2022, 18:00:00",1791.66,1793.65,1788.65,1791.89
493,"31-Jan-2022, 19:00:00",1792.33,1792.47,1789.53,1791.74
494,"31-Jan-2022, 20:00:00",1791.89,1798.28,1788.65,1797.62
495,"31-Jan-2022, 21:00:00",1797.55,1799.68,1794.09,1795.64
496,"31-Jan-2022, 22:00:00",1795.56,1797.48,1792.4,1796.23
497,"31-Jan-2022, 23:00:00",1796.45,1798.21,1794.24,1797.11
498,"01-Feb-2022, 00:00:00",1797.03,1798.73,1794.02,1796.89
499,"01-Feb-2022, 01:00:00",1796.81,1798.06,1793.87,1797.92
500,"01-Feb-2022, 02:00:00",1797.7,1799.9,1796.59,1798.36
501,"01-Feb-2022, 03:00:00",1798.21,1799.76,1795.2,1799.46
502,"01-Feb-2022, 04:00:00",1799.54,1799.61,1795.71,1796.67
503,"01-Feb-2022, 05:00:00",1796.59,1797.33,1796.08,1797.18
504,"01-Feb-2022, 06:00:00",1797.33,1797.48,1797.26,1797.4
505,"01-Feb-2022, 07:00:00",1797.7,1797.84,1795.42,1796.67
506,"01-Feb-2022, 08:00:00",1796.67,1799.39,1795.71,1797.55
507,"01-Feb-2022, 09:00:00",1797.48,1798.06,1795.42,1797.77
508,"01-Feb-2022, 10:00:00",1797.77,1798.14,1794.53,1796.52
509,"01-Feb-2022, 11:00:00",1796.37,1799.54,1795.49,1799.46
510,"01-Feb-2022, 12:00:00",1799.24,1803.51,1798.28,1802.7
511,"01-Feb-2022, 13:00:00",1802.62,1803.29,1800.2,1801.45
512,"01-Feb-2022, 14:00:00",1801.3,1804.39,1800.86,1804.02
513,"01-Feb-2022, 15:00:00",1803.88,1804.9,1801.01,1804.54
514,"01-Feb-2022, 16:00:00",1804.54,1806.74,1803.36,1805.42
515,"01-Feb-2022, 17:00:00",1805.2,1807.55,1804.61,1806.52
516,"01-Feb-2022, 18:00:00",1806.45,1808.29,1804.9,1806.08
517,"01-Feb-2022, 19:00:00",1806.01,1808.29,1803.21,1804.39
518,"01-Feb-2022, 20:00:00",1804.32,1808.73,1801.37,1804.1
519,"01-Feb-2022, 21:00:00",1804.1,1806.01,1799.68,1802.04
520,"01-Feb-2022, 22:00:00",1802.18,1807.19,1797.4,1804.24
521,"01-Feb-2022, 23:00:00",1804.24,1807.92,1802.18,1803.65
522,"02-Feb-2022, 00:00:00",1803.65,1804.24,1800.27,1802.48
523,"02-Feb-2022, 01:00:00",1802.62,1802.99,1799.31,1800.86
524,"02-Feb-2022, 02:00:00",1800.79,1802.11,1798.28,1799.31
525,"02-Feb-2022, 03:00:00",1799.31,1801.52,1797.4,1800.93
526,"02-Feb-2022, 04:00:00",1801.08,1802.33,1799.61,1800.79
527,"02-Feb-2022, 05:00:00",1800.86,1800.93,1800.05,1800.05
528,"02-Feb-2022, 06:00:00",1799.68,1801.15,1799.09,1800.79
529,"02-Feb-2022, 07:00:00",1800.57,1801.37,1798.28,1801.23
530,"02-Feb-2022, 08:00:00",1801.15,1801.59,1799.17,1800.34
531,"02-Feb-2022, 09:00:00",1800.42,1800.64,1797.33,1798.58
532,"02-Feb-2022, 10:00:00",1798.58,1798.73,1796.23,1797.55
533,"02-Feb-2022, 11:00:00",1797.7,1798.65,1796.3,1797.48
534,"02-Feb-2022, 12:00:00",1797.48,1798.95,1796.08,1798.51
535,"02-Feb-2022, 13:00:00",1798.51,1798.95,1795.71,1797.62
536,"02-Feb-2022, 14:00:00",1797.62,1799.02,1793.58,1796.52
537,"02-Feb-2022, 15:00:00",1796.67,1800.12,1795.42,1798.36
538,"02-Feb-2022, 16:00:00",1798.58,1802.4,1797.18,1802.18
539,"02-Feb-2022, 17:00:00",1802.04,1803.65,1800.57,1802.55
540,"02-Feb-2022, 18:00:00",1802.48,1803.65,1800.86,1802.7
541,"02-Feb-2022, 19:00:00",1802.62,1804.98,1801.89,1804.24
542,"02-Feb-2022, 20:00:00",1804.24,1808.07,1800.12,1801.01
543,"02-Feb-2022, 21:00:00",1801.01,1805.57,1799.39,1803.21
544,"02-Feb-2022, 22:00:00",1803.21,1810.72,1801.67,1808.44
545,"02-Feb-2022, 23:00:00",1808.29,1809.98,1806.3,1808.8
546,"03-Feb-2022, 00:00:00",1808.8,1810.72,1807.41,1809.98
547,"03-Feb-2022, 01:00:00",1809.91,1810.64,1806.6,1809.02
548,"03-Feb-2022, 02:00:00",1809.1,1809.17,1806.08,1807.41
549,"03-Feb-2022, 03:00:00",1807.26,1808.29,1803.88,1807.55
550,"03-Feb-2022, 04:00:00",1807.48,1807.77,1805.35,1806.38
551,"03-Feb-2022, 05:00:00",1806.38,1806.74,1805.86,1806.08
552,"03-Feb-2022, 06:00:00",1806.08,1807.99,1805.86,1807.85
553,"03-Feb-2022, 07:00:00",1807.63,1807.85,1805.79,1807.33
554,"03-Feb-2022, 08:00:00",1807.41,1808.66,1804.98,1808.51
555,"03-Feb-2022, 09:00:00",1808.51,1808.95,1804.98,1806.45
556,"03-Feb-2022, 10:00:00",1806.3,1807.77,1804.9,1807.04
557,"03-Feb-2022, 11:00:00",1806.89,1807.19,1805.05,1806.08
558,"03-Feb-2022, 12:00:00",1806.38,1806.82,1804.32,1806.6
559,"03-Feb-2022, 13:00:00",1806.67,1806.82,1803.95,1805.13
560,"03-Feb-2022, 14:00:00",1805.13,1806.01,1801.96,1804.39
561,"03-Feb-2022, 15:00:00",1804.32,1805.2,1801.89,1805.2
562,"03-Feb-2022, 16:00:00",1805.05,1806.01,1801.89,1803.21
563,"03-Feb-2022, 17:00:00",1803.21,1804.17,1801.52,1802.7
564,"03-Feb-2022, 18:00:00",1802.99,1805.13,1801.08,1804.17
565,"03-Feb-2022, 19:00:00",1804.1,1804.76,1799.46,1801.96
566,"03-Feb-2022, 20:00:00",1801.82,1804.61,1799.61,1802.4
567,"03-Feb-2022, 21:00:00",1802.48,1805.13,1787.91,1791.3
568,"03-Feb-2022, 22:00:00",1791.37,1804.17,1789.68,1803.07
569,"03-Feb-2022, 23:00:00",1802.92,1807.63,1799.98,1806.74
570,"04-Feb-2022, 00:00:00",1806.67,1807.04,1802.26,1803.95
571,"04-Feb-2022, 01:00:00",1803.95,1805.42,1801.89,1805.2
572,"04-Feb-2022, 02:00:00",1805.27,1806.67,1803.36,1804.98
573,"04-Feb-2022, 03:00:00",1804.98,1806.38,1803.88,1805.13
574,"04-Feb-2022, 04:00:00",1805.13,1806.3,1803.36,1804.54
575,"04-Feb-2022, 05:00:00",1803.8,1804.61,1803.8,1804.39
576,"04-Feb-2022, 06:00:00",1803.88,1806.45,1803.88,1805.64
577,"04-Feb-2022, 07:00:00",1805.64,1806.16,1803.95,1805.86
578,"04-Feb-2022, 08:00:00",1805.71,1807.33,1804.9,1807.19
579,"04-Feb-2022, 09:00:00",1807.04,1807.55,1804.68,1806.01
580,"04-Feb-2022, 10:00:00",1806.01,1806.89,1804.76,1806.38
581,"04-Feb-2022, 11:00:00",1806.3,1807.99,1805.2,1806.01
582,"04-Feb-2022, 12:00:00",1806.38,1807.41,1805.05,1806.08
583,"04-Feb-2022, 13:00:00",1806.45,1807.19,1804.61,1807.04
584,"04-Feb-2022, 14:00:00",1806.82,1809.17,1805.2,1807.19
585,"04-Feb-2022, 15:00:00",1807.11,1810.05,1805.35,1808.58
586,"04-Feb-2022, 16:00:00",1808.36,1811.89,1807.41,1810.86
587,"04-Feb-2022, 17:00:00",1810.86,1814.39,1809.98,1813.29
588,"04-Feb-2022, 18:00:00",1813.29,1813.51,1808.88,1810.79
589,"04-Feb-2022, 19:00:00",1810.86,1811.01,1810.79,1810.94
590,"04-Feb-2022, 20:00:00",1811.01,1814.83,1794.53,1795.27
591,"04-Feb-2022, 21:00:00",1795.27,1807.19,1791.52,1804.24
592,"04-Feb-2022, 22:00:00",1804.17,1810.42,1802.26,1803.65
593,"04-Feb-2022, 23:00:00",1803.73,1807.92,1802.48,1806.45
594,"05-Feb-2022, 00:00:00",1806.74,1808.66,1804.68,1806.16
595,"05-Feb-2022, 01:00:00",1806.23,1807.99,1804.76,1807.55
596,"05-Feb-2022, 02:00:00",1807.63,1808.51,1804.76,1806.74
597,"05-Feb-2022, 03:00:00",1806.74,1808.21,1804.9,1808.07
598,"05-Feb-2022, 04:00:00",1807.99,1808.29,1805.86,1807.41
599,"07-Feb-2022, 05:00:00",1807.55,1807.63,1807.41,1807.48
600,"07-Feb-2022, 06:00:00",1806.74,1811.6,1805.86,1809.98
601,"07-Feb-2022, 07:00:00",1809.91,1813.44,1808.88,1813.07
602,"07-Feb-2022, 08:00:00",1813.0,1815.28,1807.48,1810.27
603,"07-Feb-2022, 09:00:00",1810.2,1811.08,1808.36,1809.1
604,"07-Feb-2022, 10:00:00",1809.47,1810.86,1808.14,1809.83
605,"07-Feb-2022, 11:00:00",1809.76,1810.94,1808.66,1810.35
606,"07-Feb-2022, 12:00:00",1810.35,1810.86,1808.58,1810.13
607,"07-Feb-2022, 13:00:00",1810.13,1811.23,1807.77,1809.47
608,"07-Feb-2022, 14:00:00",1809.47,1813.0,1808.8,1813.0
609,"07-Feb-2022, 15:00:00",1812.78,1814.17,1809.47,1812.92
610,"07-Feb-2022, 16:00:00",1812.85,1813.44,1810.05,1812.33
611,"07-Feb-2022, 17:00:00",1812.33,1812.48,1809.1,1810.2
612,"07-Feb-2022, 18:00:00",1810.2,1813.88,1809.47,1813.58
613,"07-Feb-2022, 19:00:00",1813.44,1814.25,1810.64,1812.78
614,"07-Feb-2022, 20:00:00",1813.0,1817.12,1810.64,1813.95
615,"07-Feb-2022, 21:00:00",1813.73,1816.09,1811.23,1813.95
616,"07-Feb-2022, 22:00:00",1813.81,1816.53,1810.86,1815.79
617,"07-Feb-2022, 23:00:00",1815.64,1818.37,1813.29,1816.97
618,"08-Feb-2022, 00:00:00",1817.12,1820.13,1815.86,1819.76
619,"08-Feb-2022, 01:00:00",1819.84,1821.16,1818.59,1821.09
620,"08-Feb-2022, 02:00:00",1820.94,1823.51,1819.54,1822.26
621,"08-Feb-2022, 03:00:00",1822.26,1822.63,1818.95,1821.38
622,"08-Feb-2022, 04:00:00",1821.31,1821.82,1819.17,1820.2
623,"08-Feb-2022, 05:00:00",1820.06,1820.35,1819.47,1820.2
624,"08-Feb-2022, 06:00:00",1819.98,1822.04,1818.95,1821.9
625,"08-Feb-2022, 07:00:00",1821.9,1821.97,1819.32,1820.43
626,"08-Feb-2022, 08:00:00",1820.57,1822.26,1818.95,1821.97
627,"08-Feb-2022, 09:00:00",1821.6,1823.22,1820.43,1821.97
628,"08-Feb-2022, 10:00:00",1821.9,1823.22,1820.57,1821.75
629,"08-Feb-2022, 11:00:00",1821.82,1822.26,1820.06,1821.23
630,"08-Feb-2022, 12:00:00",1821.16,1821.53,1817.85,1820.13
631,"08-Feb-2022, 13:00:00",1820.2,1820.94,1818.14,1819.25
632,"08-Feb-2022, 14:00:00",1819.32,1819.98,1814.39,1816.75
633,"08-Feb-2022, 15:00:00",1817.19,1820.5,1816.45,1819.25
634,"08-Feb-2022, 16:00:00",1819.03,1819.98,1816.38,1819.84
635,"08-Feb-2022, 17:00:00",1819.69,1821.01,1817.26,1818.95
636,"08-Feb-2022, 18:00:00",1818.88,1819.25,1816.16,1818.0
637,"08-Feb-2022, 19:00:00",1817.92,1818.95,1816.09,1817.63
638,"08-Feb-2022, 20:00:00",1817.48,1824.69,1816.75,1823.81
639,"08-Feb-2022, 21:00:00",1823.88,1824.4,1819.17,1822.04
640,"08-Feb-2022, 22:00:00",1821.97,1828.3,1820.87,1824.18
641,"08-Feb-2022, 23:00:00",1824.4,1826.38,1823.66,1826.24
642,"09-Feb-2022, 00:00:00",1826.16,1827.85,1825.13,1827.34
643,"09-Feb-2022, 01:00:00",1827.34,1828.22,1824.76,1828.07
644,"09-Feb-2022, 02:00:00",1828.07,1828.74,1825.43,1826.75
645,"09-Feb-2022, 03:00:00",1826.68,1826.82,1826.6,1826.75
646,"09-Feb-2022, 04:00:00",1826.9,1826.97,1824.54,1825.5
647,"09-Feb-2022, 05:00:00",1825.87,1825.94,1824.76,1825.65
648,"09-Feb-2022, 06:00:00",1825.65,1826.24,1824.32,1825.79
649,"09-Feb-2022, 07:00:00",1825.79,1825.94,1823.74,1825.28
650,"09-Feb-2022, 08:00:00",1825.35,1826.75,1824.03,1826.75
651,"09-Feb-2022, 09:00:00",1826.46,1828.15,1825.57,1827.34
652,"09-Feb-2022, 10:00:00",1827.34,1828.66,1826.53,1828.0
653,"09-Feb-2022, 11:00:00",1827.85,1828.44,1825.87,1827.19
654,"09-Feb-2022, 12:00:00",1827.05,1829.03,1825.87,1827.34
655,"09-Feb-2022, 13:00:00",1827.27,1827.34,1827.12,1827.19
656,"09-Feb-2022, 14:00:00",1827.34,1828.22,1824.47,1826.24
657,"09-Feb-2022, 15:00:00",1826.53,1828.15,1824.91,1826.31
658,"09-Feb-2022, 16:00:00",1826.16,1827.78,1824.84,1827.49
659,"09-Feb-2022, 17:00:00",1827.63,1828.37,1825.57,1826.75
660,"09-Feb-2022, 18:00:00",1826.6,1827.19,1824.54,1826.75
661,"09-Feb-2022, 19:00:00",1826.68,1828.37,1824.84,1828.0
662,"09-Feb-2022, 20:00:00",1827.93,1832.49,1825.06,1825.72
663,"09-Feb-2022, 21:00:00",1825.72,1831.02,1824.25,1828.52
664,"09-Feb-2022, 22:00:00",1828.44,1831.46,1826.6,1828.22
665,"09-Feb-2022, 23:00:00",1828.15,1833.3,1827.12,1832.49
666,"10-Feb-2022, 00:00:00",1832.34,1835.72,1831.83,1833.89
667,"10-Feb-2022, 01:00:00",1833.81,1835.72,1832.49,1834.55
668,"10-Feb-2022, 02:00:00",1834.4,1834.55,1831.83,1833.22
669,"10-Feb-2022, 03:00:00",1833.22,1833.3,1833.08,1833.15
670,"10-Feb-2022, 04:00:00",1833.15,1833.22,1833.0,1833.08
671,"10-Feb-2022, 05:00:00",1833.0,1833.3,1831.9,1832.71
672,"10-Feb-2022, 06:00:00",1832.05,1833.44,1831.24,1832.34
673,"10-Feb-2022, 07:00:00",1832.27,1832.56,1830.36,1832.49
674,"10-Feb-2022, 08:00:00",1832.49,1834.4,1831.02,1833.67
675,"10-Feb-2022, 09:00:00",1833.59,1834.69,1832.41,1834.11
676,"10-Feb-2022, 10:00:00",1834.03,1834.11,1833.89,1833.96
677,"10-Feb-2022, 11:00:00",1833.96,1834.33,1832.49,1833.81
678,"10-Feb-2022, 12:00:00",1833.81,1834.62,1832.12,1834.03
679,"10-Feb-2022, 13:00:00",1834.33,1834.92,1832.41,1834.11
680,"10-Feb-2022, 14:00:00",1834.11,1836.02,1832.49,1834.62
681,"10-Feb-2022, 15:00:00",1834.55,1834.69,1829.62,1831.9
682,"10-Feb-2022, 16:00:00",1831.75,1832.86,1829.62,1832.41
683,"10-Feb-2022, 17:00:00",1832.34,1833.3,1830.94,1832.93
684,"10-Feb-2022, 18:00:00",1832.86,1833.59,1830.94,1832.19
685,"10-Feb-2022, 19:00:00",1832.27,1832.71,1829.4,1831.61
686,"10-Feb-2022, 20:00:00",1831.53,1837.2,1821.38,1830.21
687,"10-Feb-2022, 21:00:00",1830.21,1833.96,1824.18,1831.31
688,"10-Feb-2022, 22:00:00",1831.24,1840.43,1829.62,1835.43
689,"10-Feb-2022, 23:00:00",1835.43,1841.83,1834.84,1841.46
690,"11-Feb-2022, 00:00:00",1841.39,1841.61,1831.46,1835.14
691,"11-Feb-2022, 01:00:00",1835.06,1837.64,1833.15,1835.28
692,"11-Feb-2022, 02:00:00",1835.21,1835.72,1828.0,1829.47
693,"11-Feb-2022, 03:00:00",1829.72,1830.37,1825.68,1827.14
694,"11-Feb-2022, 04:00:00",1827.14,1827.78,1824.55,1826.65
695,"11-Feb-2022, 05:00:00",1826.65,1826.97,1826.0,1826.49
696,"11-Feb-2022, 06:00:00",1825.84,1828.1,1825.2,1826.97
697,"11-Feb-2022, 07:00:00",1826.81,1827.3,1823.74,1826.0
698,"11-Feb-2022, 08:00:00",1826.17,1826.17,1822.77,1825.68
699,"11-Feb-2022, 09:00:00",1825.68,1827.14,1823.9,1826.97
700,"11-Feb-2022, 10:00:00",1826.81,1826.97,1824.07,1825.04
701,"11-Feb-2022, 11:00:00",1825.04,1825.36,1822.13,1824.23
702,"11-Feb-2022, 12:00:00",1824.23,1825.52,1822.61,1824.71
703,"11-Feb-2022, 13:00:00",1824.71,1824.87,1821.16,1822.94
704,"11-Feb-2022, 14:00:00",1822.77,1826.33,1820.67,1826.33
705,"11-Feb-2022, 15:00:00",1826.33,1827.78,1824.55,1826.0
706,"11-Feb-2022, 16:00:00",1826.65,1827.46,1824.07,1826.0
707,"11-Feb-2022, 17:00:00",1825.84,1827.94,1824.07,1826.17
708,"11-Feb-2022, 18:00:00",1826.0,1827.78,1824.07,1827.46
709,"11-Feb-2022, 19:00:00",1827.14,1831.82,1824.71,1830.53
710,"11-Feb-2022, 20:00:00",1830.37,1833.43,1824.39,1827.3
711,"11-Feb-2022, 21:00:00",1827.3,1832.63,1826.17,1829.88
712,"11-Feb-2022, 22:00:00",1829.56,1837.31,1828.91,1836.02
713,"11-Feb-2022, 23:00:00",1835.7,1837.15,1831.82,1836.83
714,"12-Feb-2022, 00:00:00",1836.66,1841.02,1836.18,1840.7
715,"12-Feb-2022, 01:00:00",1840.38,1860.41,1838.6,1857.18
716,"12-Feb-2022, 02:00:00",1857.01,1862.51,1851.36,1858.95
717,"12-Feb-2022, 03:00:00",1858.95,1865.57,1857.5,1861.21
718,"12-Feb-2022, 04:00:00",1861.21,1863.8,1857.34,1858.47
719,"14-Feb-2022, 05:00:00",1858.15,1858.79,1858.15,1858.79
720,"14-Feb-2022, 06:00:00",1859.28,1862.34,1855.08,1859.6
721,"14-Feb-2022, 07:00:00",1859.6,1860.73,1856.69,1857.98
722,"14-Feb-2022, 08:00:00",1857.82,1860.41,1856.05,1859.76
723,"14-Feb-2022, 09:00:00",1859.6,1859.76,1852.98,1854.75
724,"14-Feb-2022, 10:00:00",1854.91,1854.91,1851.04,1852.98
725,"14-Feb-2022, 11:00:00",1853.14,1853.78,1850.39,1851.85
726,"14-Feb-2022, 12:00:00",1851.68,1854.91,1850.88,1854.59
727,"14-Feb-2022, 13:00:00",1854.59,1854.91,1850.55,1852.65
728,"14-Feb-2022, 14:00:00",1852.98,1855.4,1850.07,1854.59
729,"14-Feb-2022, 15:00:00",1854.27,1858.63,1851.68,1856.85
730,"14-Feb-2022, 16:00:00",1856.53,1857.5,1852.65,1857.34
731,"14-Feb-2022, 17:00:00",1857.34,1857.98,1853.46,1855.4
732,"14-Feb-2022, 18:00:00",1855.4,1857.01,1852.98,1856.53
733,"14-Feb-2022, 19:00:00",1856.53,1858.31,1850.23,1855.56
734,"14-Feb-2022, 20:00:00",1855.56,1862.99,1852.98,1861.54
735,"14-Feb-2022, 21:00:00",1861.38,1866.87,1859.28,1866.06
736,"14-Feb-2022, 22:00:00",1866.38,1871.07,1863.31,1868.32
737,"14-Feb-2022, 23:00:00",1868.16,1868.97,1859.6,1861.86
738,"15-Feb-2022, 00:00:00",1861.7,1864.77,1859.6,1864.77
739,"15-Feb-2022, 01:00:00",1864.44,1873.0,1862.99,1871.23
740,"15-Feb-2022, 02:00:00",1871.07,1874.3,1867.03,1868.0
741,"15-Feb-2022, 03:00:00",1867.84,1873.65,1867.19,1872.03
742,"15-Feb-2022, 04:00:00",1871.87,1873.33,1869.29,1871.07
743,"15-Feb-2022, 05:00:00",1870.74,1871.39,1870.58,1871.23
744,"15-Feb-2022, 06:00:00",1870.74,1871.87,1869.45,1871.23
745,"15-Feb-2022, 07:00:00",1870.9,1872.2,1869.45,1872.03
746,"15-Feb-2022, 08:00:00",1871.87,1872.36,1869.13,1870.9
747,"15-Feb-2022, 09:00:00",1870.9,1876.88,1869.77,1876.4
748,"15-Feb-2022, 10:00:00",1876.07,1879.14,1875.1,1877.53
749,"15-Feb-2022, 11:00:00",1877.2,1879.14,1875.59,1877.53
750,"15-Feb-2022, 12:00:00",1877.36,1879.46,1876.07,1877.85
751,"15-Feb-2022, 13:00:00",1877.69,1879.63,1876.56,1878.82
752,"15-Feb-2022, 14:00:00",1878.66,1879.14,1874.3,1875.59
753,"15-Feb-2022, 15:00:00",1875.75,1877.36,1857.18,1861.54
754,"15-Feb-2022, 16:00:00",1861.38,1861.86,1852.01,1857.34
755,"15-Feb-2022, 17:00:00",1857.66,1857.98,1853.14,1854.59
756,"15-Feb-2022, 18:00:00",1854.91,1856.21,1848.94,1852.01
757,"15-Feb-2022, 19:00:00",1852.49,1853.46,1843.93,1849.91
758,"15-Feb-2022, 20:00:00",1849.91,1853.78,1844.42,1850.39
759,"15-Feb-2022, 21:00:00",1850.39,1857.34,1846.68,1848.78
760,"15-Feb-2022, 22:00:00",1848.62,1852.98,1846.52,1847.81
761,"15-Feb-2022, 23:00:00",1847.81,1852.65,1845.71,1852.65
762,"16-Feb-2022, 00:00:00",1852.33,1853.95,1848.62,1852.98
763,"16-Feb-2022, 01:00:00",1852.82,1856.69,1851.36,1855.08
764,"16-Feb-2022, 02:00:00",1855.24,1855.72,1852.01,1854.27
765,"16-Feb-2022, 03:00:00",1854.43,1856.37,1850.88,1853.14
766,"16-Feb-2022, 04:00:00",1853.3,1853.95,1850.72,1853.78
767,"16-Feb-2022, 05:00:00",1853.62,1853.78,1852.33,1852.33
768,"16-Feb-2022, 06:00:00",1853.14,1854.75,1851.68,1852.82
769,"16-Feb-2022, 07:00:00",1852.98,1853.3,1850.39,1852.01
770,"16-Feb-2022, 08:00:00",1852.01,1852.98,1849.42,1852.49
771,"16-Feb-2022, 09:00:00",1852.49,1853.14,1850.55,1852.33
772,"16-Feb-2022, 10:00:00",1852.33,1853.14,1850.39,1852.82
773,"16-Feb-2022, 11:00:00",1852.65,1853.46,1851.52,1852.98
774,"16-Feb-2022, 12:00:00",1852.65,1854.91,1851.2,1854.27
775,"16-Feb-2022, 13:00:00",1854.27,1856.21,1852.33,1855.24
776,"16-Feb-2022, 14:00:00",1855.08,1857.01,1852.98,1855.24
777,"16-Feb-2022, 15:00:00",1855.08,1857.66,1854.43,1857.01
778,"16-Feb-2022, 16:00:00",1856.85,1859.11,1855.08,1858.63
779,"16-Feb-2022, 17:00:00",1858.63,1859.76,1852.98,1854.59
780,"16-Feb-2022, 18:00:00",1854.59,1856.69,1852.98,1856.53
781,"16-Feb-2022, 19:00:00",1856.37,1856.53,1851.04,1852.98
782,"16-Feb-2022, 20:00:00",1852.82,1859.11,1850.72,1858.79
783,"16-Feb-2022, 21:00:00",1858.47,1864.93,1856.85,1862.02
784,"16-Feb-2022, 22:00:00",1861.7,1863.64,1859.6,1862.83
785,"16-Feb-2022, 23:00:00",1862.51,1866.06,1860.57,1865.25
786,"17-Feb-2022, 00:00:00",1865.09,1870.1,1864.12,1869.13
787,"17-Feb-2022, 01:00:00",1869.13,1870.58,1864.61,1866.22
788,"17-Feb-2022, 02:00:00",1866.22,1872.36,1865.09,1870.42
789,"17-Feb-2022, 03:00:00",1870.26,1872.68,1868.16,1872.36
790,"17-Feb-2022, 04:00:00",1872.36,1872.52,1866.38,1869.61
791,"17-Feb-2022, 05:00:00",1869.61,1869.94,1868.8,1868.8
792,"17-Feb-2022, 06:00:00",1868.97,1870.9,1868.48,1870.1
793,"17-Feb-2022, 07:00:00",1869.77,1871.71,1868.97,1870.74
794,"17-Feb-2022, 08:00:00",1871.07,1871.87,1867.19,1869.94
795,"17-Feb-2022, 09:00:00",1870.26,1870.58,1866.87,1868.8
796,"17-Feb-2022, 10:00:00",1868.8,1875.1,1866.71,1875.1
797,"17-Feb-2022, 11:00:00",1874.94,1876.4,1871.07,1873.49
798,"17-Feb-2022, 12:00:00",1873.49,1875.27,1870.42,1874.78
799,"17-Feb-2022, 13:00:00",1874.94,1877.36,1872.68,1875.27
800,"17-Feb-2022, 14:00:00",1875.1,1876.88,1873.0,1876.23
801,"17-Feb-2022, 15:00:00",1875.91,1891.09,1874.46,1886.25
802,"17-Feb-2022, 16:00:00",1886.09,1893.35,1883.99,1888.51
803,"17-Feb-2022, 17:00:00",1888.35,1889.8,1883.34,1885.76
804,"17-Feb-2022, 18:00:00",1886.41,1886.57,1882.37,1883.5
805,"17-Feb-2022, 19:00:00",1883.5,1887.7,1882.05,1886.73
806,"17-Feb-2022, 20:00:00",1886.41,1897.88,1884.96,1895.78
807,"17-Feb-2022, 21:00:00",1895.78,1896.58,1885.76,1893.35
808,"17-Feb-2022, 22:00:00",1893.35,1896.42,1891.74,1895.45
809,"17-Feb-2022, 23:00:00",1895.13,1899.49,1892.39,1895.78
810,"18-Feb-2022, 00:00:00",1895.29,1900.3,1894.65,1897.71
811,"18-Feb-2022, 01:00:00",1897.71,1901.27,1895.94,1897.07
812,"18-Feb-2022, 02:00:00",1897.07,1900.95,1895.94,1899.81
813,"18-Feb-2022, 03:00:00",1899.98,1900.14,1896.26,1898.52
814,"18-Feb-2022, 04:00:00",1898.68,1899.01,1896.58,1898.2
815,"18-Feb-2022, 05:00:00",1898.36,1898.52,1897.23,1897.55
816,"18-Feb-2022, 06:00:00",1897.55,1900.46,1897.39,1899.98
817,"18-Feb-2022, 07:00:00",1899.98,1902.56,1898.36,1899.33
818,"18-Feb-2022, 08:00:00",1899.49,1899.81,1888.02,1890.29
819,"18-Feb-2022, 09:00:00",1890.12,1892.06,1888.02,1890.77
820,"18-Feb-2022, 10:00:00",1890.77,1892.06,1889.48,1891.09
821,"18-Feb-2022, 11:00:00",1891.09,1891.42,1888.35,1890.29
822,"18-Feb-2022, 12:00:00",1890.29,1893.52,1889.15,1891.9
823,"18-Feb-2022, 13:00:00",1891.74,1893.19,1889.96,1892.06
824,"18-Feb-2022, 14:00:00",1891.9,1893.03,1888.99,1891.58
825,"18-Feb-2022, 15:00:00",1891.42,1895.94,1890.45,1895.29
826,"18-Feb-2022, 16:00:00",1895.29,1895.62,1891.58,1894.65
827,"18-Feb-2022, 17:00:00",1894.81,1895.45,1885.92,1889.32
828,"18-Feb-2022, 18:00:00",1889.48,1892.39,1885.6,1891.25
829,"18-Feb-2022, 19:00:00",1890.93,1894.32,1888.51,1894.0
830,"18-Feb-2022, 20:00:00",1893.84,1900.14,1891.58,1896.58
831,"18-Feb-2022, 21:00:00",1896.42,1898.68,1893.03,1894.32
832,"18-Feb-2022, 22:00:00",1894.65,1896.58,1889.96,1891.74
833,"18-Feb-2022, 23:00:00",1891.74,1896.75,1890.45,1896.1
834,"19-Feb-2022, 00:00:00",1895.78,1898.04,1893.68,1896.91
835,"19-Feb-2022, 01:00:00",1896.75,1898.04,1894.97,1896.1
836,"19-Feb-2022, 02:00:00",1896.1,1897.07,1894.0,1895.29
837,"19-Feb-2022, 03:00:00",1895.45,1897.07,1892.71,1897.07
838,"19-Feb-2022, 04:00:00",1896.75,1899.65,1895.29,1897.88
839,"21-Feb-2022, 05:00:00",1897.88,1897.88,1894.97,1894.97
840,"21-Feb-2022, 06:00:00",1900.3,1906.76,1896.42,1904.66
841,"21-Feb-2022, 07:00:00",1904.82,1908.37,1896.1,1898.2
842,"21-Feb-2022, 08:00:00",1898.36,1903.37,1891.42,1895.45
843,"21-Feb-2022, 09:00:00",1895.45,1897.88,1894.32,1897.39
844,"21-Feb-2022, 10:00:00",1897.55,1899.17,1895.62,1895.62
845,"21-Feb-2022, 11:00:00",1896.91,1897.23,1888.67,1891.74
846,"21-Feb-2022, 12:00:00",1891.9,1894.0,1889.64,1891.58
847,"21-Feb-2022, 13:00:00",1891.74,1893.03,1887.38,1887.86
848,"21-Feb-2022, 14:00:00",1887.7,1892.87,1886.89,1891.74
849,"21-Feb-2022, 15:00:00",1891.58,1897.88,1890.45,1896.1
850,"21-Feb-2022, 16:00:00",1895.78,1898.52,1893.52,1896.42
851,"21-Feb-2022, 17:00:00",1896.26,1898.52,1894.16,1897.55
852,"21-Feb-2022, 18:00:00",1897.23,1898.85,1894.16,1894.65
853,"21-Feb-2022, 19:00:00",1894.65,1897.39,1892.06,1897.23
854,"21-Feb-2022, 20:00:00",1897.23,1897.55,1893.68,1895.78
855,"21-Feb-2022, 21:00:00",1896.1,1897.07,1891.74,1894.81
856,"21-Feb-2022, 22:00:00",1894.97,1896.26,1891.9,1895.45
857,"21-Feb-2022, 23:00:00",1895.29,1897.23,1894.48,1896.58
858,"22-Feb-2022, 00:00:00",1896.42,1897.88,1894.65,1897.71
859,"22-Feb-2022, 01:00:00",1897.55,1905.14,1895.78,1904.98
860,"22-Feb-2022, 02:00:00",1904.98,1906.11,1900.46,1903.37
861,"22-Feb-2022, 03:00:00",1903.69,1907.24,1903.21,1904.5
862,"22-Feb-2022, 04:00:00",1903.37,1903.69,1903.21,1903.53
863,"22-Feb-2022, 05:00:00",1903.37,1905.31,1903.37,1905.31
864,"22-Feb-2022, 06:00:00",1908.7,1914.19,1905.79,1909.51
865,"22-Feb-2022, 07:00:00",1909.51,1914.03,1906.76,1908.05
866,"22-Feb-2022, 08:00:00",1908.05,1911.28,1904.34,1909.18
867,"22-Feb-2022, 09:00:00",1909.34,1909.83,1905.31,1909.67
868,"22-Feb-2022, 10:00:00",1909.67,1910.47,1907.08,1908.05
869,"22-Feb-2022, 11:00:00",1908.54,1909.02,1906.27,1907.73
870,"22-Feb-2022, 12:00:00",1907.73,1910.47,1906.44,1910.15
871,"22-Feb-2022, 13:00:00",1910.15,1911.28,1907.41,1909.99
872,"22-Feb-2022, 14:00:00",1909.99,1913.54,1906.92,1908.54
873,"22-Feb-2022, 15:00:00",1908.7,1911.77,1895.62,1896.1
874,"22-Feb-2022, 16:00:00",1896.42,1902.08,1895.78,1900.62
875,"22-Feb-2022, 17:00:00",1900.62,1901.27,1893.19,1896.42
876,"22-Feb-2022, 18:00:00",1896.58,1898.36,1891.25,1893.84
877,"22-Feb-2022, 19:00:00",1893.68,1900.3,1893.52,1899.65
878,"22-Feb-2022, 20:00:00",1899.33,1906.11,1897.55,1902.24
879,"22-Feb-2022, 21:00:00",1902.24,1907.24,1899.81,1901.43
880,"22-Feb-2022, 22:00:00",1901.27,1903.37,1893.19,1897.88
881,"22-Feb-2022, 23:00:00",1897.71,1903.69,1895.78,1903.37
882,"23-Feb-2022, 00:00:00",1903.04,1904.66,1900.95,1903.53
883,"23-Feb-2022, 01:00:00",1903.21,1905.79,1901.43,1903.53
884,"23-Feb-2022, 02:00:00",1903.53,1904.66,1899.65,1901.43
885,"23-Feb-2022, 03:00:00",1901.59,1901.75,1896.58,1900.62
886,"23-Feb-2022, 04:00:00",1900.46,1901.43,1897.23,1898.36
887,"23-Feb-2022, 05:00:00",1898.04,1898.36,1897.39,1898.36
888,"23-Feb-2022, 06:00:00",1898.52,1899.65,1896.75,1898.2
889,"23-Feb-2022, 07:00:00",1898.04,1900.62,1896.75,1900.46
890,"23-Feb-2022, 08:00:00",1900.46,1901.43,1897.39,1898.2
891,"23-Feb-2022, 09:00:00",1898.2,1900.3,1897.23,1899.81
892,"23-Feb-2022, 10:00:00",1899.65,1900.46,1897.71,1899.81
893,"23-Feb-2022, 11:00:00",1899.65,1899.98,1895.45,1897.07
894,"23-Feb-2022, 12:00:00",1897.07,1897.39,1893.68,1896.26
895,"23-Feb-2022, 13:00:00",1896.1,1897.55,1892.87,1897.07
896,"23-Feb-2022, 14:00:00",1896.91,1898.52,1893.68,1894.81
897,"23-Feb-2022, 15:00:00",1894.81,1897.71,1891.42,1893.03
898,"23-Feb-2022, 16:00:00",1893.03,1895.62,1888.67,1893.52
899,"23-Feb-2022, 17:00:00",1893.35,1895.94,1891.74,1894.97
900,"23-Feb-2022, 18:00:00",1894.65,1896.26,1892.39,1894.81
901,"23-Feb-2022, 19:00:00",1894.65,1897.23,1892.71,1896.42
902,"23-Feb-2022, 20:00:00",1896.26,1904.66,1895.45,1901.27
903,"23-Feb-2022, 21:00:00",1901.11,1906.44,1899.49,1906.27
904,"23-Feb-2022, 22:00:00",1906.11,1908.54,1902.88,1907.57
905,"23-Feb-2022, 23:00:00",1907.41,1909.18,1905.14,1908.21
906,"24-Feb-2022, 00:00:00",1908.54,1910.64,1907.73,1908.21
907,"24-Feb-2022, 01:00:00",1908.21,1909.67,1905.63,1908.7
908,"24-Feb-2022, 02:00:00",1908.86,1909.51,1906.27,1907.08
909,"24-Feb-2022, 03:00:00",1907.08,1910.31,1904.34,1909.18
910,"24-Feb-2022, 04:00:00",1909.34,1910.15,1906.92,1908.54
911,"24-Feb-2022, 05:00:00",1907.89,1909.02,1907.41,1907.57
912,"24-Feb-2022, 06:00:00",1908.7,1911.6,1908.7,1910.8
913,"24-Feb-2022, 07:00:00",1910.64,1913.87,1909.83,1913.54
914,"24-Feb-2022, 08:00:00",1913.7,1914.19,1909.83,1913.38
915,"24-Feb-2022, 09:00:00",1913.38,1921.13,1912.25,1920.97
916,"24-Feb-2022, 10:00:00",1920.81,1931.31,1920.65,1929.37
917,"24-Feb-2022, 11:00:00",1929.05,1949.07,1928.72,1935.83
918,"24-Feb-2022, 12:00:00",1935.51,1945.52,1933.57,1940.51
919,"24-Feb-2022, 13:00:00",1940.35,1943.42,1935.51,1942.45
920,"24-Feb-2022, 14:00:00",1942.13,1945.36,1937.77,1945.2
921,"24-Feb-2022, 15:00:00",1945.36,1946.17,1938.74,1944.71
922,"24-Feb-2022, 16:00:00",1944.88,1954.4,1940.19,1953.6
923,"24-Feb-2022, 17:00:00",1953.44,1974.43,1952.63,1973.79
924,"24-Feb-2022, 18:00:00",1973.79,1973.95,1961.35,1961.67
925,"24-Feb-2022, 19:00:00",1961.67,1964.9,1950.37,1962.8
926,"24-Feb-2022, 20:00:00",1962.8,1967.16,1955.54,1959.09
927,"24-Feb-2022, 21:00:00",1959.25,1963.13,1930.5,1934.38
928,"24-Feb-2022, 22:00:00",1934.7,1940.84,1913.38,1928.72
929,"24-Feb-2022, 23:00:00",1928.72,1930.34,1920.16,1921.62
930,"25-Feb-2022, 00:00:00",1921.62,1925.66,1916.45,1923.72
931,"25-Feb-2022, 01:00:00",1923.72,1926.95,1916.13,1920.0
932,"25-Feb-2022, 02:00:00",1920.16,1920.49,1877.85,1887.86
933,"25-Feb-2022, 03:00:00",1887.86,1898.36,1880.27,1898.2
934,"25-Feb-2022, 04:00:00",1898.2,1906.11,1894.97,1903.85
935,"25-Feb-2022, 05:00:00",1903.85,1903.85,1903.04,1903.37
936,"25-Feb-2022, 06:00:00",1903.69,1913.7,1902.24,1906.44
937,"25-Feb-2022, 07:00:00",1906.44,1913.22,1904.18,1912.9
938,"25-Feb-2022, 08:00:00",1912.74,1921.62,1905.95,1909.34
939,"25-Feb-2022, 09:00:00",1909.34,1915.32,1907.73,1913.38
940,"25-Feb-2022, 10:00:00",1913.06,1917.1,1911.93,1914.19
941,"25-Feb-2022, 11:00:00",1914.03,1915.32,1910.64,1912.09
942,"25-Feb-2022, 12:00:00",1912.09,1916.77,1910.96,1916.45
943,"25-Feb-2022, 13:00:00",1916.45,1920.0,1914.51,1919.2
944,"25-Feb-2022, 14:00:00",1919.2,1921.46,1912.74,1912.9
945,"25-Feb-2022, 15:00:00",1913.22,1915.97,1908.86,1914.03
946,"25-Feb-2022, 16:00:00",1914.03,1914.03,1908.21,1910.64
947,"25-Feb-2022, 17:00:00",1910.64,1911.6,1906.92,1909.99
948,"25-Feb-2022, 18:00:00",1909.99,1914.03,1892.55,1898.85
949,"25-Feb-2022, 19:00:00",1899.01,1907.08,1894.65,1895.45
950,"25-Feb-2022, 20:00:00",1895.78,1898.04,1885.92,1887.22
951,"25-Feb-2022, 21:00:00",1887.38,1893.84,1884.96,1888.99
952,"25-Feb-2022, 22:00:00",1888.83,1890.61,1882.69,1889.15
953,"25-Feb-2022, 23:00:00",1889.32,1890.61,1883.18,1884.31
954,"26-Feb-2022, 00:00:00",1884.31,1888.51,1882.86,1887.54
955,"26-Feb-2022, 01:00:00",1887.54,1889.48,1885.6,1886.57
956,"26-Feb-2022, 02:00:00",1886.41,1891.09,1886.41,1890.77
957,"26-Feb-2022, 03:00:00",1890.61,1893.03,1889.15,1890.77
958,"26-Feb-2022, 04:00:00",1890.77,1891.09,1886.57,1888.99
959,"28-Feb-2022, 05:00:00",1888.83,1888.83,1888.51,1888.51
960,"28-Feb-2022, 06:00:00",1918.55,1931.63,1904.01,1909.83
961,"28-Feb-2022, 07:00:00",1909.99,1919.52,1907.24,1917.58
962,"28-Feb-2022, 08:00:00",1917.42,1917.74,1905.95,1913.06
963,"28-Feb-2022, 09:00:00",1913.38,1913.7,1908.37,1909.34
964,"28-Feb-2022, 10:00:00",1909.34,1910.8,1904.34,1907.41
965,"28-Feb-2022, 11:00:00",1907.24,1911.77,1905.95,1911.28
966,"28-Feb-2022, 12:00:00",1911.28,1912.09,1905.95,1908.05
967,"28-Feb-2022, 13:00:00",1908.05,1910.15,1906.6,1908.7
968,"28-Feb-2022, 14:00:00",1908.54,1909.02,1893.03,1896.26
969,"28-Feb-2022, 15:00:00",1896.26,1902.08,1894.65,1900.46
970,"28-Feb-2022, 16:00:00",1900.46,1902.08,1897.88,1899.65
971,"28-Feb-2022, 17:00:00",1899.49,1909.18,1898.04,1906.44
972,"28-Feb-2022, 18:00:00",1906.44,1909.02,1903.37,1905.31
973,"28-Feb-2022, 19:00:00",1905.47,1914.19,1903.37,1913.38
974,"28-Feb-2022, 20:00:00",1913.06,1918.39,1907.57,1917.26
975,"28-Feb-2022, 21:00:00",1917.1,1917.42,1907.73,1910.31
976,"28-Feb-2022, 22:00:00",1910.47,1917.1,1904.66,1908.21
977,"28-Feb-2022, 23:00:00",1908.37,1908.54,1890.12,1892.71
978,"01-Mar-2022, 00:00:00",1892.71,1899.33,1890.61,1899.33
979,"01-Mar-2022, 01:00:00",1899.17,1900.46,1896.1,1898.68
980,"01-Mar-2022, 02:00:00",1898.85,1906.6,1897.39,1906.6
981,"01-Mar-2022, 03:00:00",1906.27,1910.31,1903.85,1909.99
982,"01-Mar-2022, 04:00:00",1910.15,1910.96,1905.95,1908.54
983,"01-Mar-2022, 05:00:00",1908.86,1909.02,1907.73,1907.73
984,"01-Mar-2022, 06:00:00",1908.7,1909.02,1904.98,1906.11
985,"01-Mar-2022, 07:00:00",1906.27,1907.89,1904.34,1905.47
986,"01-Mar-2022, 08:00:00",1905.47,1905.95,1901.75,1902.72
987,"01-Mar-2022, 09:00:00",1902.88,1904.18,1900.46,1903.53
988,"01-Mar-2022, 10:00:00",1903.21,1905.79,1901.91,1905.79
989,"01-Mar-2022, 11:00:00",1905.47,1906.76,1903.53,1905.63
990,"01-Mar-2022, 12:00:00",1905.47,1907.73,1903.53,1907.24
991,"01-Mar-2022, 13:00:00",1906.92,1908.86,1903.69,1907.73
992,"01-Mar-2022, 14:00:00",1907.41,1908.7,1905.47,1907.73
993,"01-Mar-2022, 15:00:00",1907.94,1914.45,1907.14,1912.86
994,"01-Mar-2022, 16:00:00",1912.7,1919.06,1911.43,1916.51
995,"01-Mar-2022, 17:00:00",1916.36,1925.57,1914.77,1925.57
996,"01-Mar-2022, 18:00:00",1925.57,1926.68,1919.53,1920.49
997,"01-Mar-2022, 19:00:00",1920.64,1924.3,1911.27,1916.36
998,"01-Mar-2022, 20:00:00",1916.36,1922.39,1911.43,1917.15
999,"01-Mar-2022, 21:00:00",1916.99,1927.47,1915.72,1924.3
1000,"01-Mar-2022, 22:00:00",1924.3,1930.17,1917.63,1926.68
1001,"01-Mar-2022, 23:00:00",1926.84,1935.26,1922.55,1931.76
1002,"02-Mar-2022, 00:00:00",1931.29,1935.89,1929.7,1935.26
1003,"02-Mar-2022, 01:00:00",1934.78,1943.04,1933.67,1942.25
1004,"02-Mar-2022, 02:00:00",1942.25,1942.41,1935.89,1940.34
1005,"02-Mar-2022, 03:00:00",1940.5,1946.85,1938.59,1945.58
1006,"02-Mar-2022, 04:00:00",1945.74,1950.51,1939.86,1945.26
1007,"02-Mar-2022, 05:00:00",1945.26,1945.42,1944.79,1944.79
1008,"02-Mar-2022, 06:00:00",1944.31,1946.06,1941.13,1942.41
1009,"02-Mar-2022, 07:00:00",1942.56,1944.15,1934.3,1935.1
1010,"02-Mar-2022, 08:00:00",1935.1,1936.37,1930.49,1935.89
1011,"02-Mar-2022, 09:00:00",1935.73,1940.98,1933.83,1938.43
1012,"02-Mar-2022, 10:00:00",1938.59,1938.59,1932.88,1936.05
1013,"02-Mar-2022, 11:00:00",1935.73,1938.12,1934.46,1936.69
1014,"02-Mar-2022, 12:00:00",1936.53,1938.59,1932.56,1934.78
1015,"02-Mar-2022, 13:00:00",1934.62,1940.66,1931.29,1937.96
1016,"02-Mar-2022, 14:00:00",1937.96,1948.28,1935.58,1945.11
1017,"02-Mar-2022, 15:00:00",1944.95,1945.11,1933.67,1939.55
1018,"02-Mar-2022, 16:00:00",1939.71,1940.5,1931.45,1933.03
1019,"02-Mar-2022, 17:00:00",1933.19,1935.89,1913.81,1926.68
1020,"02-Mar-2022, 18:00:00",1926.68,1932.56,1924.77,1929.54
1021,"02-Mar-2022, 19:00:00",1929.54,1930.33,1922.71,1926.2
1022,"02-Mar-2022, 20:00:00",1926.36,1934.78,1922.71,1932.24
1023,"02-Mar-2022, 21:00:00",1932.08,1935.26,1922.23,1929.7
1024,"02-Mar-2022, 22:00:00",1929.7,1935.89,1922.87,1927.16
1025,"02-Mar-2022, 23:00:00",1927.16,1928.43,1916.36,1918.9
1026,"03-Mar-2022, 00:00:00",1919.06,1922.23,1914.45,1918.74
1027,"03-Mar-2022, 01:00:00",1918.9,1922.07,1916.83,1920.8
1028,"03-Mar-2022, 02:00:00",1920.8,1928.9,1919.69,1928.11
1029,"03-Mar-2022, 03:00:00",1928.11,1933.67,1924.62,1925.25
1030,"03-Mar-2022, 04:00:00",1925.25,1929.06,1924.3,1929.06
1031,"03-Mar-2022, 05:00:00",1928.59,1928.9,1928.59,1928.9
1032,"03-Mar-2022, 06:00:00",1929.54,1930.81,1927.79,1928.9
1033,"03-Mar-2022, 07:00:00",1928.9,1930.97,1927.79,1929.38
1034,"03-Mar-2022, 08:00:00",1929.22,1931.13,1925.57,1930.81
1035,"03-Mar-2022, 09:00:00",1930.97,1931.13,1927.16,1928.75
1036,"03-Mar-2022, 10:00:00",1928.9,1930.97,1925.89,1927.63
1037,"03-Mar-2022, 11:00:00",1927.79,1927.79,1923.19,1924.62
1038,"03-Mar-2022, 12:00:00",1924.62,1926.84,1921.44,1925.41
1039,"03-Mar-2022, 13:00:00",1925.41,1930.02,1924.46,1927.95
1040,"03-Mar-2022, 14:00:00",1927.79,1932.72,1924.62,1932.56
1041,"03-Mar-2022, 15:00:00",1932.4,1935.42,1927.79,1932.08
1042,"03-Mar-2022, 16:00:00",1932.08,1932.24,1923.5,1929.22
1043,"03-Mar-2022, 17:00:00",1929.38,1935.89,1929.06,1933.99
1044,"03-Mar-2022, 18:00:00",1934.15,1939.07,1931.92,1932.56
1045,"03-Mar-2022, 19:00:00",1932.72,1936.37,1929.38,1930.65
1046,"03-Mar-2022, 20:00:00",1930.81,1937.64,1923.98,1926.2
1047,"03-Mar-2022, 21:00:00",1926.2,1932.4,1924.62,1927.0
1048,"03-Mar-2022, 22:00:00",1926.84,1930.97,1925.41,1926.52
1049,"03-Mar-2022, 23:00:00",1926.36,1931.29,1923.03,1930.81
1050,"04-Mar-2022, 00:00:00",1930.49,1932.88,1927.16,1932.24
1051,"04-Mar-2022, 01:00:00",1931.92,1935.58,1930.81,1934.46
1052,"04-Mar-2022, 02:00:00",1934.15,1936.05,1931.6,1935.42
1053,"04-Mar-2022, 03:00:00",1935.42,1941.61,1934.3,1937.16
1054,"04-Mar-2022, 04:00:00",1937.01,1938.59,1934.78,1935.89
1055,"04-Mar-2022, 05:00:00",1935.58,1936.21,1935.58,1936.21
1056,"04-Mar-2022, 06:00:00",1934.62,1937.64,1934.3,1935.1
1057,"04-Mar-2022, 07:00:00",1934.94,1951.46,1933.99,1947.49
1058,"04-Mar-2022, 08:00:00",1947.49,1947.81,1929.38,1933.99
1059,"04-Mar-2022, 09:00:00",1933.83,1940.5,1932.88,1939.55
1060,"04-Mar-2022, 10:00:00",1939.39,1941.61,1937.48,1939.86
1061,"04-Mar-2022, 11:00:00",1939.71,1940.98,1937.48,1939.23
1062,"04-Mar-2022, 12:00:00",1939.23,1940.5,1934.3,1935.73
1063,"04-Mar-2022, 13:00:00",1935.73,1938.28,1933.67,1936.21
1064,"04-Mar-2022, 14:00:00",1936.05,1939.55,1934.94,1936.53
1065,"04-Mar-2022, 15:00:00",1936.21,1940.5,1933.35,1939.07
1066,"04-Mar-2022, 16:00:00",1938.75,1946.54,1937.8,1946.06
1067,"04-Mar-2022, 17:00:00",1945.9,1948.12,1942.25,1947.49
1068,"04-Mar-2022, 18:00:00",1947.49,1949.39,1943.68,1946.54
1069,"04-Mar-2022, 19:00:00",1946.69,1950.35,1943.84,1945.74
1070,"04-Mar-2022, 20:00:00",1945.74,1948.6,1939.55,1947.17
1071,"04-Mar-2022, 21:00:00",1947.01,1959.56,1944.63,1952.1
1072,"04-Mar-2022, 22:00:00",1952.1,1959.4,1942.72,1958.13
1073,"04-Mar-2022, 23:00:00",1957.81,1966.07,1955.75,1962.9
1074,"05-Mar-2022, 00:00:00",1962.9,1965.76,1959.88,1961.94
1075,"05-Mar-2022, 01:00:00",1962.1,1966.87,1960.04,1965.28
1076,"05-Mar-2022, 02:00:00",1965.12,1970.2,1964.17,1967.19
1077,"05-Mar-2022, 03:00:00",1967.19,1970.68,1964.33,1967.66
1078,"05-Mar-2022, 04:00:00",1967.34,1971.16,1965.12,1971.16
1079,"07-Mar-2022, 05:00:00",1970.04,1970.36,1969.89,1970.2
1080,"07-Mar-2022, 06:00:00",1974.49,1991.81,1974.33,1988.63
1081,"07-Mar-2022, 07:00:00",1988.79,1990.69,1986.25,1987.99
1082,"07-Mar-2022, 08:00:00",1987.99,2001.18,1987.83,1997.84
1083,"07-Mar-2022, 09:00:00",1997.84,1998.48,1986.72,1987.04
1084,"07-Mar-2022, 10:00:00",1987.04,1990.69,1984.82,1990.22
1085,"07-Mar-2022, 11:00:00",1990.22,1991.65,1987.36,1989.58
1086,"07-Mar-2022, 12:00:00",1989.74,1990.22,1983.07,1983.7
1087,"07-Mar-2022, 13:00:00",1983.55,1985.45,1975.92,1983.23
1088,"07-Mar-2022, 14:00:00",1983.39,1993.39,1979.26,1993.08
1089,"07-Mar-2022, 15:00:00",1992.92,1998.79,1989.11,1996.73
1090,"07-Mar-2022, 16:00:00",1996.41,2001.65,1993.39,1998.0
1091,"07-Mar-2022, 17:00:00",1998.0,2002.77,1995.46,2002.45
1092,"07-Mar-2022, 18:00:00",2002.45,2002.61,1985.45,1990.22
1093,"07-Mar-2022, 19:00:00",1990.22,1990.54,1981.64,1984.02
1094,"07-Mar-2022, 20:00:00",1984.18,1987.99,1960.99,1979.1
1095,"07-Mar-2022, 21:00:00",1979.1,1985.77,1967.66,1984.66
1096,"07-Mar-2022, 22:00:00",1984.5,1991.81,1976.87,1980.85
1097,"07-Mar-2022, 23:00:00",1981.16,1983.55,1974.81,1979.42
1098,"08-Mar-2022, 00:00:00",1979.42,1986.25,1978.3,1984.34
1099,"08-Mar-2022, 01:00:00",1984.18,1996.57,1983.39,1992.44
1100,"08-Mar-2022, 02:00:00",1992.28,1997.52,1990.85,1995.94
1101,"08-Mar-2022, 03:00:00",1995.94,1999.27,1991.96,1996.73
1102,"08-Mar-2022, 04:00:00",1996.73,2000.07,1995.62,1997.84
1103,"08-Mar-2022, 05:00:00",1998.0,1998.0,1996.41,1996.89
1104,"08-Mar-2022, 06:00:00",1996.25,1999.59,1996.09,1998.95
1105,"08-Mar-2022, 07:00:00",1998.79,2000.38,1990.54,1991.81
1106,"08-Mar-2022, 08:00:00",1992.12,1992.76,1980.85,1985.13
1107,"08-Mar-2022, 09:00:00",1985.13,1990.22,1984.5,1989.26
1108,"08-Mar-2022, 10:00:00",1989.26,1990.38,1984.66,1986.09
1109,"08-Mar-2022, 11:00:00",1985.93,1991.49,1985.45,1991.33
1110,"08-Mar-2022, 12:00:00",1991.01,1994.51,1988.95,1994.19
1111,"08-Mar-2022, 13:00:00",1994.03,2020.87,1993.24,2016.74
1112,"08-Mar-2022, 14:00:00",2017.06,2021.19,2012.77,2016.11
1113,"08-Mar-2022, 15:00:00",2016.11,2020.24,1999.27,2008.64
1114,"08-Mar-2022, 16:00:00",2008.64,2011.82,2005.94,2006.26
1115,"08-Mar-2022, 17:00:00",2006.26,2009.76,2002.45,2005.94
1116,"08-Mar-2022, 18:00:00",2005.47,2011.18,2004.2,2009.28
1117,"08-Mar-2022, 19:00:00",2009.28,2015.79,2006.1,2007.21
1118,"08-Mar-2022, 20:00:00",2007.21,2020.56,2003.4,2015.16
1119,"08-Mar-2022, 21:00:00",2015.0,2041.52,2013.73,2039.78
1120,"08-Mar-2022, 22:00:00",2039.62,2069.96,2039.46,2047.24
1121,"08-Mar-2022, 23:00:00",2047.08,2070.43,2043.91,2069.32
1122,"09-Mar-2022, 00:00:00",2069.48,2069.96,2021.03,2029.77
1123,"09-Mar-2022, 01:00:00",2029.77,2053.28,2021.99,2044.38
1124,"09-Mar-2022, 02:00:00",2044.38,2047.56,2028.5,2039.14
1125,"09-Mar-2022, 03:00:00",2039.3,2053.28,2032.15,2050.9
1126,"09-Mar-2022, 04:00:00",2050.9,2054.23,2048.35,2050.1
1127,"09-Mar-2022, 05:00:00",2049.15,2049.47,2048.99,2049.31
1128,"09-Mar-2022, 06:00:00",2049.47,2052.32,2042.64,2043.43
1129,"09-Mar-2022, 07:00:00",2043.75,2046.61,2034.85,2038.51
1130,"09-Mar-2022, 08:00:00",2038.35,2045.81,2035.96,2042.0
1131,"09-Mar-2022, 09:00:00",2041.68,2055.34,2040.09,2052.64
1132,"09-Mar-2022, 10:00:00",2052.48,2057.57,2049.94,2056.93
1133,"09-Mar-2022, 11:00:00",2056.93,2059.16,2051.05,2051.53
1134,"09-Mar-2022, 12:00:00",2051.69,2057.25,2044.7,2047.88
1135,"09-Mar-2022, 13:00:00",2047.72,2052.48,2047.24,2049.15
1136,"09-Mar-2022, 14:00:00",2049.15,2050.1,2038.03,2045.65
1137,"09-Mar-2022, 15:00:00",2045.81,2049.47,2041.84,2042.0
1138,"09-Mar-2022, 16:00:00",2042.32,2042.48,2014.52,2017.86
1139,"09-Mar-2022, 17:00:00",2018.01,2019.44,2003.88,2014.68
1140,"09-Mar-2022, 18:00:00",2015.0,2016.59,2007.53,2011.5
1141,"09-Mar-2022, 19:00:00",2011.66,2021.51,2008.96,2009.28
1142,"09-Mar-2022, 20:00:00",2009.44,2009.6,1984.98,1989.74
1143,"09-Mar-2022, 21:00:00",1989.9,1998.0,1975.92,1986.56
1144,"09-Mar-2022, 22:00:00",1986.41,1997.84,1985.77,1996.25
1145,"09-Mar-2022, 23:00:00",1995.78,2005.78,1991.81,2001.5
1146,"10-Mar-2022, 00:00:00",2001.5,2003.4,1982.75,1985.45
1147,"10-Mar-2022, 01:00:00",1985.45,1989.26,1980.69,1983.55
1148,"10-Mar-2022, 02:00:00",1983.55,1990.69,1979.57,1989.74
1149,"10-Mar-2022, 03:00:00",1989.42,1995.94,1986.72,1991.17
1150,"10-Mar-2022, 04:00:00",1991.01,1999.27,1989.11,1991.49
1151,"10-Mar-2022, 05:00:00",1991.49,1991.49,1990.06,1990.06
1152,"10-Mar-2022, 06:00:00",1990.54,1993.87,1987.2,1989.9
1153,"10-Mar-2022, 07:00:00",1989.9,1990.22,1981.32,1983.55
1154,"10-Mar-2022, 08:00:00",1983.7,1984.18,1970.52,1974.65
1155,"10-Mar-2022, 09:00:00",1974.65,1976.87,1970.52,1974.97
1156,"10-Mar-2022, 10:00:00",1974.81,1979.26,1972.27,1976.56
1157,"10-Mar-2022, 11:00:00",1976.4,1979.89,1974.97,1977.99
1158,"10-Mar-2022, 12:00:00",1977.83,1984.34,1976.87,1981.0
1159,"10-Mar-2022, 13:00:00",1980.85,1989.26,1980.05,1983.55
1160,"10-Mar-2022, 14:00:00",1983.23,1983.39,1974.33,1975.45
1161,"10-Mar-2022, 15:00:00",1975.29,1988.31,1974.81,1984.02
1162,"10-Mar-2022, 16:00:00",1983.7,1987.52,1976.08,1985.77
1163,"10-Mar-2022, 17:00:00",1985.93,2000.38,1983.55,1999.75
1164,"10-Mar-2022, 18:00:00",1999.59,2008.01,1998.79,2005.31
1165,"10-Mar-2022, 19:00:00",2005.47,2009.28,1998.95,2002.92
1166,"10-Mar-2022, 20:00:00",2002.92,2009.12,1991.49,1996.41
1167,"10-Mar-2022, 21:00:00",1996.57,2007.21,1995.14,1996.89
1168,"10-Mar-2022, 22:00:00",1997.21,2000.07,1981.64,1994.98
1169,"10-Mar-2022, 23:00:00",1995.3,1999.75,1990.22,1994.98
1170,"11-Mar-2022, 00:00:00",1994.98,2006.1,1994.67,2003.72
1171,"11-Mar-2022, 01:00:00",2003.88,2006.1,1993.24,1997.84
1172,"11-Mar-2022, 02:00:00",1997.84,1998.32,1993.39,1996.25
1173,"11-Mar-2022, 03:00:00",1996.25,2003.56,1995.78,1997.68
1174,"11-Mar-2022, 04:00:00",1997.84,1998.95,1994.67,1996.73
1175,"11-Mar-2022, 05:00:00",1996.25,1998.0,1995.94,1998.0
1176,"11-Mar-2022, 06:00:00",1994.82,1999.27,1993.87,1995.46
1177,"11-Mar-2022, 07:00:00",1995.46,1997.52,1990.69,1992.12
1178,"11-Mar-2022, 08:00:00",1992.28,1995.62,1988.15,1992.44
1179,"11-Mar-2022, 09:00:00",1992.28,1996.73,1991.33,1994.82
1180,"11-Mar-2022, 10:00:00",1994.82,1995.46,1990.38,1990.54
1181,"11-Mar-2022, 11:00:00",1990.85,1991.96,1985.45,1987.99
1182,"11-Mar-2022, 12:00:00",1988.15,1989.11,1980.69,1983.7
1183,"11-Mar-2022, 13:00:00",1983.7,1987.99,1982.43,1986.09
1184,"11-Mar-2022, 14:00:00",1986.09,1992.92,1981.0,1991.65
1185,"11-Mar-2022, 15:00:00",1991.33,1995.14,1987.83,1992.92
1186,"11-Mar-2022, 16:00:00",1992.76,1994.51,1988.15,1989.42
1187,"11-Mar-2022, 17:00:00",1989.58,1994.19,1988.47,1991.65
1188,"11-Mar-2022, 18:00:00",1991.65,1992.12,1969.09,1979.42
1189,"11-Mar-2022, 19:00:00",1979.73,1979.89,1961.78,1975.13
1190,"11-Mar-2022, 20:00:00",1975.45,1977.83,1958.61,1962.1
1191,"11-Mar-2022, 21:00:00",1961.94,1977.51,1959.4,1975.29
1192,"11-Mar-2022, 22:00:00",1975.13,1982.28,1970.2,1981.0
1193,"11-Mar-2022, 23:00:00",1980.69,1989.26,1977.67,1985.77
1194,"12-Mar-2022, 00:00:00",1985.61,1990.22,1983.86,1986.88
1195,"12-Mar-2022, 01:00:00",1986.88,1987.83,1979.73,1985.77
1196,"12-Mar-2022, 02:00:00",1985.93,1988.31,1982.91,1985.45
1197,"12-Mar-2022, 03:00:00",1985.61,1988.15,1981.64,1982.59
1198,"12-Mar-2022, 04:00:00",1982.75,1988.63,1982.28,1988.47
1199,"14-Mar-2022, 05:00:00",1984.66,1990.54,1970.52,1980.37
1200,"14-Mar-2022, 06:00:00",1980.53,1981.32,1972.27,1974.33
1201,"14-Mar-2022, 07:00:00",1974.02,1979.1,1969.57,1977.35
1202,"14-Mar-2022, 08:00:00",1977.35,1977.67,1971.47,1974.17
1203,"14-Mar-2022, 09:00:00",1974.49,1976.08,1971.0,1972.59
1204,"14-Mar-2022, 10:00:00",1972.74,1976.72,1971.0,1975.76
1205,"14-Mar-2022, 11:00:00",1975.6,1977.83,1973.38,1977.83
1206,"14-Mar-2022, 12:00:00",1977.83,1978.3,1971.16,1973.54
1207,"14-Mar-2022, 13:00:00",1973.54,1978.94,1971.47,1977.03
1208,"14-Mar-2022, 14:00:00",1976.72,1978.15,1972.43,1972.43
1209,"14-Mar-2022, 15:00:00",1973.06,1973.7,1966.71,1967.34
1210,"14-Mar-2022, 16:00:00",1967.66,1967.82,1959.4,1963.69
1211,"14-Mar-2022, 17:00:00",1963.69,1966.87,1959.88,1961.47
1212,"14-Mar-2022, 18:00:00",1961.78,1967.34,1954.16,1965.44
1213,"14-Mar-2022, 19:00:00",1965.6,1968.14,1959.56,1964.33
1214,"14-Mar-2022, 20:00:00",1964.48,1965.44,1949.71,1958.93
1215,"14-Mar-2022, 21:00:00",1959.08,1961.47,1953.21,1956.07
1216,"14-Mar-2022, 22:00:00",1956.07,1959.08,1952.41,1954.95
1217,"14-Mar-2022, 23:00:00",1954.95,1961.63,1953.84,1961.31
1218,"15-Mar-2022, 00:00:00",1961.31,1962.1,1956.23,1957.97
1219,"15-Mar-2022, 01:00:00",1957.97,1958.77,1950.35,1951.14
1220,"15-Mar-2022, 02:00:00",1951.14,1956.23,1950.19,1952.73
1221,"15-Mar-2022, 03:00:00",1952.73,1954.48,1949.71,1950.67
1222,"15-Mar-2022, 04:00:00",1950.67,1950.67,1949.71,1950.19
1223,"15-Mar-2022, 05:00:00",1950.98,1954.48,1950.19,1953.52
1224,"15-Mar-2022, 06:00:00",1953.68,1954.8,1950.67,1952.25
1225,"15-Mar-2022, 07:00:00",1952.41,1952.57,1945.58,1947.97
1226,"15-Mar-2022, 08:00:00",1948.12,1950.82,1939.23,1941.13
1227,"15-Mar-2022, 09:00:00",1941.29,1945.9,1940.82,1943.36
1228,"15-Mar-2022, 10:00:00",1943.36,1943.99,1940.34,1942.25
1229,"15-Mar-2022, 11:00:00",1942.25,1942.72,1935.89,1936.21
1230,"15-Mar-2022, 12:00:00",1936.37,1936.85,1925.89,1926.04
1231,"15-Mar-2022, 13:00:00",1926.04,1932.56,1924.77,1928.27
1232,"15-Mar-2022, 14:00:00",1928.59,1935.73,1927.0,1929.54
1233,"15-Mar-2022, 15:00:00",1929.38,1935.58,1926.2,1935.1
1234,"15-Mar-2022, 16:00:00",1934.94,1935.26,1927.0,1931.76
1235,"15-Mar-2022, 17:00:00",1931.92,1933.83,1921.44,1921.91
1236,"15-Mar-2022, 18:00:00",1921.91,1927.16,1920.64,1926.84
1237,"15-Mar-2022, 19:00:00",1926.68,1929.06,1919.21,1920.96
1238,"15-Mar-2022, 20:00:00",1920.96,1926.04,1913.5,1923.19
1239,"15-Mar-2022, 21:00:00",1923.03,1923.82,1906.67,1916.2
1240,"15-Mar-2022, 22:00:00",1916.2,1927.47,1912.7,1925.25
1241,"15-Mar-2022, 23:00:00",1925.09,1931.29,1920.96,1929.38
1242,"16-Mar-2022, 00:00:00",1929.54,1930.17,1923.82,1924.62
1243,"16-Mar-2022, 01:00:00",1924.77,1928.11,1919.69,1921.28
1244,"16-Mar-2022, 02:00:00",1921.44,1922.39,1915.88,1916.67
1245,"16-Mar-2022, 03:00:00",1916.83,1918.58,1913.34,1918.1
1246,"16-Mar-2022, 04:00:00",1918.1,1918.1,1916.83,1916.83
1247,"16-Mar-2022, 05:00:00",1918.26,1920.96,1914.61,1916.2
1248,"16-Mar-2022, 06:00:00",1916.04,1918.9,1915.56,1918.26
1249,"16-Mar-2022, 07:00:00",1918.26,1923.03,1917.31,1921.12
1250,"16-Mar-2022, 08:00:00",1921.12,1925.09,1919.37,1920.17
1251,"16-Mar-2022, 09:00:00",1920.33,1923.66,1918.9,1920.8
1252,"16-Mar-2022, 10:00:00",1920.64,1921.28,1917.63,1918.1
1253,"16-Mar-2022, 11:00:00",1918.42,1918.74,1914.93,1916.99
1254,"16-Mar-2022, 12:00:00",1916.83,1920.49,1915.56,1919.85
1255,"16-Mar-2022, 13:00:00",1919.69,1920.17,1912.07,1915.24
1256,"16-Mar-2022, 14:00:00",1914.93,1919.37,1913.5,1916.51
1257,"16-Mar-2022, 15:00:00",1916.36,1921.28,1911.43,1918.58
1258,"16-Mar-2022, 16:00:00",1918.26,1923.82,1917.94,1921.91
1259,"16-Mar-2022, 17:00:00",1921.91,1924.3,1917.31,1921.28
1260,"16-Mar-2022, 18:00:00",1921.12,1927.47,1919.69,1924.62
1261,"16-Mar-2022, 19:00:00",1924.93,1926.04,1915.4,1920.17
1262,"16-Mar-2022, 20:00:00",1920.33,1922.55,1912.38,1915.88
1263,"16-Mar-2022, 21:00:00",1915.88,1920.17,1903.97,1909.84
1264,"16-Mar-2022, 22:00:00",1909.84,1916.36,1909.37,1912.07
1265,"16-Mar-2022, 23:00:00",1912.07,1912.86,1906.51,1910.32
1266,"17-Mar-2022, 00:00:00",1910.48,1911.59,1907.62,1907.78
1267,"17-Mar-2022, 01:00:00",1907.62,1918.9,1895.07,1916.83
1268,"17-Mar-2022, 02:00:00",1916.51,1929.7,1912.07,1928.27
1269,"17-Mar-2022, 03:00:00",1928.27,1929.86,1920.8,1927.16
1270,"17-Mar-2022, 04:00:00",1927.16,1927.47,1926.04,1927.32
1271,"17-Mar-2022, 05:00:00",1926.68,1928.59,1923.34,1925.41
1272,"17-Mar-2022, 06:00:00",1925.73,1928.11,1924.77,1927.32
1273,"17-Mar-2022, 07:00:00",1927.32,1927.95,1924.93,1926.68
1274,"17-Mar-2022, 08:00:00",1926.68,1934.3,1926.36,1934.15
1275,"17-Mar-2022, 09:00:00",1933.99,1936.37,1931.92,1934.78
1276,"17-Mar-2022, 10:00:00",1934.62,1938.59,1933.35,1936.69
1277,"17-Mar-2022, 11:00:00",1936.53,1937.8,1934.46,1936.21
1278,"17-Mar-2022, 12:00:00",1935.89,1936.37,1932.72,1934.46
1279,"17-Mar-2022, 13:00:00",1934.46,1935.1,1930.17,1931.92
1280,"17-Mar-2022, 14:00:00",1931.92,1935.89,1930.17,1935.73
1281,"17-Mar-2022, 15:00:00",1935.73,1943.04,1934.78,1940.18
1282,"17-Mar-2022, 16:00:00",1940.18,1943.52,1934.3,1941.93
1283,"17-Mar-2022, 17:00:00",1941.77,1947.01,1939.55,1943.2
1284,"17-Mar-2022, 18:00:00",1943.52,1947.33,1940.5,1943.2
1285,"17-Mar-2022, 19:00:00",1943.2,1944.79,1935.58,1938.91
1286,"17-Mar-2022, 20:00:00",1938.91,1947.01,1936.69,1945.26
1287,"17-Mar-2022, 21:00:00",1944.95,1949.39,1940.82,1948.76
1288,"17-Mar-2022, 22:00:00",1948.6,1950.03,1945.26,1948.12
1289,"17-Mar-2022, 23:00:00",1948.44,1948.6,1940.66,1944.47
1290,"18-Mar-2022, 00:00:00",1944.47,1946.22,1940.5,1942.56
1291,"18-Mar-2022, 01:00:00",1942.56,1942.72,1937.96,1940.82
1292,"18-Mar-2022, 02:00:00",1940.98,1941.61,1935.1,1937.48
